date,PM2_5_933,PM10_933,SOX_933,NOX_933,Temp_933,Hum_933
8/26/2023 10:41:39 AM,4,4,497.74,12.35,23.9,90
8/26/2023 10:39:40 AM,5,5,470.87,44.59,24,91
8/26/2023 10:38:38 AM,5,5,467.97,47.11,23.9,91
8/26/2023 10:37:38 AM,4,4,467.33,46.65,24,90
8/26/2023 10:36:39 AM,5,5,469.02,48.37,24,91
8/26/2023 10:35:36 AM,4,4,467.96,42.9,24,90
8/26/2023 10:34:37 AM,6,6,468.88,43.51,23.9,90
8/26/2023 10:33:38 AM,4,4,463.12,41.24,23.9,90
8/26/2023 10:32:37 AM,7,7,463.77,40.64,23.9,90
8/26/2023 10:31:30 AM,7,8,461.67,40.34,23.8,91
8/26/2023 10:30:28 AM,7,7,467.15,41.22,23.7,91
8/26/2023 10:29:29 AM,5,5,469.56,41.66,23.6,92
8/26/2023 10:28:35 AM,8,9,470.32,40.67,23.5,92
8/26/2023 10:27:30 AM,5,5,473.03,41.81,23.5,92
8/26/2023 10:26:29 AM,5,5,469.91,42.81,23.5,92
8/26/2023 10:25:29 AM,6,6,465.74,45.29,23.6,91
8/26/2023 10:24:30 AM,5,5,463.54,46.59,23.5,92
8/26/2023 10:23:25 AM,6,6,460.79,44.44,23.6,92
8/26/2023 10:22:16 AM,8,9,465.47,44.21,23.5,92
8/26/2023 10:21:20 AM,6,6,465.32,44.35,23.5,92
8/26/2023 10:20:33 AM,6,6,463.9,44.9,23.4,92
8/26/2023 10:19:16 AM,6,7,458.67,45.41,23.4,92
8/26/2023 10:18:17 AM,7,8,454.97,45.83,23.4,93
8/26/2023 10:17:18 AM,8,9,459.04,46.83,23.4,93
8/26/2023 10:16:27 AM,9,10,463.27,48.53,23.4,93
8/26/2023 10:15:22 AM,8,9,469.08,47.13,23.4,93
8/26/2023 10:14:18 AM,8,9,462.93,45.49,23.3,93
8/26/2023 10:13:17 AM,6,6,468.6,44.1,23.3,93
8/26/2023 10:12:28 AM,7,7,468.03,43.83,23.3,93
8/26/2023 10:11:17 AM,9,10,467.87,44.78,23.3,93
8/26/2023 10:10:16 AM,9,10,465.41,45.76,23.3,93
8/26/2023 10:09:17 AM,8,9,467.37,46.16,23.3,93
8/26/2023 10:08:18 AM,10,11,471,45.65,23.3,93
8/26/2023 10:07:17 AM,6,7,462.59,45.15,23.4,92
8/26/2023 10:06:17 AM,5,5,454.29,44.55,23.5,92
8/26/2023 10:05:16 AM,6,6,439.35,43.21,23.5,92
8/26/2023 10:04:04 AM,6,6,464.25,54.03,23.5,92
8/26/2023 10:02:57 AM,6,6,464.88,52.75,23.5,92
8/26/2023 10:01:58 AM,6,6,468.54,57.11,23.6,92
8/26/2023 10:00:58 AM,7,7,472.52,47.96,23.6,92
8/26/2023 9:59:57 AM,7,7,474.97,49.96,23.7,92
8/26/2023 9:58:08 AM,6,6,477.64,58.7,23.7,92
8/26/2023 9:56:57 AM,9,10,474.33,54.58,23.7,92
8/26/2023 9:55:57 AM,6,6,472.78,57.61,23.7,92
8/26/2023 9:54:51 AM,8,9,470.41,56.22,23.8,92
8/26/2023 9:53:51 AM,9,10,465.91,47.32,23.8,91
8/26/2023 9:52:49 AM,6,6,462.58,45.24,23.8,91
8/26/2023 9:51:58 AM,8,9,461.95,44.52,23.9,91
8/26/2023 9:50:58 AM,6,6,462.04,45.21,24,90
8/26/2023 9:49:49 AM,4,4,461.65,44.39,24.1,90
8/26/2023 9:48:49 AM,7,7,460.77,43.09,24.2,90
8/26/2023 9:47:50 AM,10,11,457.51,44.74,24.2,91
8/26/2023 9:46:48 AM,11,12,466.02,45.13,24.2,91
8/26/2023 9:45:50 AM,11,12,461.5,45.44,24.2,91
8/26/2023 9:44:49 AM,11,12,455.18,45.47,24.3,91
8/26/2023 9:43:50 AM,11,12,452.69,48.27,24.3,91
8/26/2023 9:42:49 AM,10,11,452.28,50.78,24.2,91
8/26/2023 9:41:51 AM,13,14,456.22,52.23,24.2,92
8/26/2023 9:40:51 AM,14,15,457.73,46.24,24.1,92
8/26/2023 9:39:55 AM,12,13,459.69,43.52,24,93
8/26/2023 9:38:50 AM,13,14,460.23,44.42,23.9,92
8/26/2023 9:37:52 AM,13,14,458.29,44.79,23.8,92
8/26/2023 9:36:48 AM,12,13,458.91,45.66,23.8,92
8/26/2023 9:35:01 AM,13,14,459.16,47.04,23.7,93
8/26/2023 9:33:49 AM,13,14,460.17,48.52,23.6,93
8/26/2023 9:32:52 AM,12,13,461.53,49.86,23.5,93
8/26/2023 9:31:48 AM,12,13,462.49,48.14,23.5,93
8/26/2023 9:30:51 AM,10,11,464.17,44.57,23.4,92
8/26/2023 9:29:53 AM,11,12,468.31,41.77,23.4,92
8/26/2023 9:28:51 AM,9,10,470.1,40.61,23.4,92
8/26/2023 9:27:43 AM,11,12,454.69,48.25,23.4,92
8/26/2023 9:26:00 AM,9,10,460.14,50.47,23.4,92
8/26/2023 9:24:43 AM,9,10,462.39,51.78,23.5,92
8/26/2023 9:23:43 AM,8,9,462.63,49.09,23.5,92
8/26/2023 9:22:43 AM,9,10,458.69,47.65,23.6,92
8/26/2023 9:21:43 AM,11,12,455.44,49.86,23.6,92
8/26/2023 9:20:43 AM,10,11,455.14,44.99,23.6,92
8/26/2023 9:19:45 AM,13,15,459.14,47.05,23.5,92
8/26/2023 9:18:52 AM,12,13,461,49.37,23.6,92
8/26/2023 9:17:43 AM,11,12,461.56,51.53,23.6,92
8/26/2023 9:16:43 AM,12,13,455.21,42.9,23.7,92
8/26/2023 9:15:42 AM,12,13,454.36,46.16,23.6,93
8/26/2023 9:14:43 AM,13,14,458.44,50.48,23.6,93
8/26/2023 9:13:44 AM,13,14,461.97,57.06,23.6,93
8/26/2023 9:12:43 AM,11,12,462.25,58.12,23.5,93
8/26/2023 9:11:39 AM,12,13,464.01,50.93,23.5,92
8/26/2023 9:10:39 AM,12,13,460.85,44.54,23.6,92
8/26/2023 9:09:38 AM,10,11,459.9,46.18,23.6,92
8/26/2023 9:08:39 AM,10,11,457.53,48.18,23.5,93
8/26/2023 9:07:31 AM,13,14,459.22,50.08,23.5,93
8/26/2023 9:06:25 AM,13,14,459.67,49.68,23.5,93
8/26/2023 9:05:35 AM,13,14,456.49,50.42,23.5,93
8/26/2023 9:04:27 AM,13,14,452.87,46.25,23.4,93
8/26/2023 9:03:28 AM,11,12,453.13,44.8,23.5,93
8/26/2023 9:02:25 AM,13,14,452.86,42.61,23.5,93
8/26/2023 9:01:24 AM,13,14,453.36,44.37,23.5,93
8/26/2023 9:00:24 AM,13,15,450.43,46.01,23.5,92
8/26/2023 8:59:27 AM,13,14,447.98,46.98,23.6,92
8/26/2023 8:58:25 AM,8,9,454.54,47.49,23.6,91
8/26/2023 8:57:43 AM,8,9,454.83,45.38,23.7,91
8/26/2023 8:56:23 AM,9,10,458.55,44.73,23.7,91
8/26/2023 8:55:23 AM,8,9,458.41,45.56,23.8,91
8/26/2023 8:54:24 AM,11,12,455.06,46.88,23.8,91
8/26/2023 8:53:25 AM,11,12,455.64,49.06,23.8,91
8/26/2023 8:52:26 AM,11,12,456.25,48.35,23.9,91
8/26/2023 8:51:08 AM,13,16,452.01,41.98,23.9,91
8/26/2023 8:50:09 AM,12,13,452.15,41.49,23.9,91
8/26/2023 8:49:23 AM,12,13,453.74,42.34,23.9,91
8/26/2023 8:48:12 AM,11,13,452.59,44.09,23.9,91
8/26/2023 8:47:07 AM,11,12,450.73,44.77,23.9,91
8/26/2023 8:46:09 AM,13,14,453.07,46.73,23.8,92
8/26/2023 8:45:09 AM,15,17,455.98,46.74,23.8,92
8/26/2023 8:44:08 AM,15,17,454.44,47.19,23.7,92
8/26/2023 8:43:08 AM,13,14,454.04,51.31,23.7,92
8/26/2023 8:42:14 AM,13,14,452.25,55.13,23.7,91
8/26/2023 8:41:09 AM,11,12,448.08,48.57,23.8,91
8/26/2023 8:40:08 AM,9,10,449.81,53.73,23.8,91
8/26/2023 8:39:07 AM,9,10,450.96,52.23,23.9,91
8/26/2023 8:38:09 AM,11,12,451.63,48.04,23.8,91
8/26/2023 8:37:08 AM,13,14,452.28,45.69,23.8,92
8/26/2023 8:36:07 AM,14,15,451.35,48.95,23.8,92
8/26/2023 8:35:08 AM,15,17,452.76,50.13,23.8,93
8/26/2023 8:34:09 AM,16,18,450.71,53.89,23.7,93
8/26/2023 8:33:10 AM,13,14,449.68,48.51,23.7,92
8/26/2023 8:32:07 AM,15,17,449.2,45.06,23.6,92
8/26/2023 8:31:07 AM,12,13,448.99,45.42,23.6,92
8/26/2023 8:30:10 AM,10,11,451.15,45.36,23.6,92
8/26/2023 8:29:09 AM,15,17,454.63,46.02,23.5,93
8/26/2023 8:28:08 AM,13,14,448.1,47.36,23.4,93
8/26/2023 8:27:19 AM,14,15,442.1,48.99,23.4,94
8/26/2023 8:26:08 AM,13,14,443.02,48.75,23.3,94
8/26/2023 8:25:08 AM,15,17,443.75,47.61,23.3,94
8/26/2023 8:24:11 AM,12,14,444.35,46.31,23.2,94
8/26/2023 8:23:11 AM,13,14,441.36,46.01,23.2,93
8/26/2023 8:22:07 AM,12,13,441.35,45.93,23.2,93
8/26/2023 8:21:18 AM,12,14,442.12,45.65,23.2,94
8/26/2023 8:20:33 AM,13,14,442.58,45.39,23.2,94
8/26/2023 8:19:01 AM,11,12,442.77,45.21,23.2,93
8/26/2023 8:18:01 AM,10,11,442.13,44.5,23.2,93
8/26/2023 8:17:01 AM,13,14,435.31,46.43,23.2,94
8/26/2023 8:16:02 AM,16,18,429.21,45.01,23.2,94
8/26/2023 8:15:06 AM,13,14,442.64,43.96,23.2,94
8/26/2023 8:14:07 AM,17,19,444.05,45.6,23.2,94
8/26/2023 8:13:06 AM,17,19,441.68,45.82,23.1,95
8/26/2023 8:12:06 AM,17,19,443.47,46.6,23.1,95
8/26/2023 8:11:06 AM,17,19,444.02,47.56,23.1,95
8/26/2023 8:10:12 AM,17,19,440.86,45.37,23,95
8/26/2023 8:09:07 AM,16,18,441.18,46.69,23,96
8/26/2023 8:08:21 AM,16,18,443.79,47.34,22.9,96
8/26/2023 8:07:08 AM,13,14,444.2,45.82,22.9,96
8/26/2023 8:06:06 AM,17,19,443.8,47.13,22.8,96
8/26/2023 8:05:07 AM,13,14,447.63,47.4,22.8,96
8/26/2023 8:04:08 AM,13,14,449.5,48.04,22.7,97
8/26/2023 8:03:07 AM,13,14,454.3,49.58,22.7,96
8/26/2023 8:02:07 AM,12,13,451.29,50.91,22.7,96
8/26/2023 8:01:07 AM,13,14,445.62,55.41,22.7,96
8/26/2023 8:00:06 AM,12,13,442.56,60.05,22.7,97
8/26/2023 7:59:06 AM,12,13,442.13,52.32,22.8,97
8/26/2023 7:58:06 AM,9,10,443.8,53.04,22.8,97
8/26/2023 7:57:07 AM,10,11,440.52,47.18,22.8,97
8/26/2023 7:56:06 AM,10,11,436.37,50.25,22.7,97
8/26/2023 7:55:06 AM,12,13,436.96,51.25,22.8,97
8/26/2023 7:54:25 AM,8,9,439.16,53.65,22.8,96
8/26/2023 7:53:04 AM,8,9,440.09,58.06,22.9,96
8/26/2023 7:52:03 AM,10,11,434.08,52.07,22.9,97
8/26/2023 7:51:05 AM,10,11,431.46,46.26,22.9,97
8/26/2023 7:50:03 AM,9,10,436.15,45.52,22.9,97
8/26/2023 7:49:04 AM,10,11,437.6,45.52,22.9,97
8/26/2023 7:48:15 AM,10,11,434.54,43.27,22.9,97
8/26/2023 7:46:00 AM,10,11,440.18,42.67,22.9,97
8/26/2023 7:44:50 AM,7,7,442.52,41.53,22.9,97
8/26/2023 7:43:45 AM,9,10,443.91,42.37,22.8,97
8/26/2023 7:42:52 AM,10,11,445.42,43.81,22.8,97
8/26/2023 7:41:38 AM,10,11,447.57,44.62,22.8,97
8/26/2023 7:40:49 AM,8,9,454.03,44.98,22.7,97
8/26/2023 7:39:40 AM,9,10,457.89,47.18,22.7,98
8/26/2023 7:38:56 AM,10,11,439.37,44.3,22.6,98
8/26/2023 7:37:59 AM,9,10,439.08,45.1,22.6,98
8/26/2023 7:36:58 AM,10,11,443.29,46.1,22.6,98
8/26/2023 7:35:50 AM,10,12,443.55,47.26,22.5,98
8/26/2023 7:34:52 AM,8,9,441.19,49.1,22.4,98
8/26/2023 7:33:50 AM,9,10,437.72,51.24,22.4,98
8/26/2023 7:32:50 AM,6,6,433.36,51.43,22.4,98
8/26/2023 7:31:50 AM,10,11,436.12,46.77,22.4,99
8/26/2023 7:30:50 AM,9,10,438.24,43.68,22.4,99
8/26/2023 7:29:51 AM,8,9,442.92,44.97,22.4,99
8/26/2023 7:28:49 AM,8,9,440.47,44.81,22.3,99
8/26/2023 7:27:58 AM,8,9,443.18,44.52,22.3,99
8/26/2023 7:26:50 AM,8,9,443.59,43.46,22.3,99
8/26/2023 7:25:51 AM,6,6,442.89,45.6,22.4,99
8/26/2023 7:24:50 AM,8,9,439.46,46.74,22.3,99
8/26/2023 7:23:50 AM,9,10,439.17,46.36,22.3,99
8/26/2023 7:22:43 AM,11,12,441.51,45.41,22.3,99
8/26/2023 7:21:35 AM,10,11,443.8,44.64,22.3,99
8/26/2023 7:20:38 AM,12,13,444.95,46.32,22.3,99
8/26/2023 7:19:34 AM,8,9,447.25,49.69,22.3,99
8/26/2023 7:18:27 AM,11,12,446.31,47.47,22.3,99
8/26/2023 7:17:19 AM,11,12,443.62,45.02,22.3,99
8/26/2023 7:16:21 AM,11,12,440.99,44.03,22.2,99
8/26/2023 7:15:18 AM,10,11,445.05,43,22.3,99
8/26/2023 7:14:20 AM,11,12,445.5,44.22,22.2,100
8/26/2023 7:13:19 AM,11,12,441.43,46.1,22.1,100
8/26/2023 7:12:20 AM,11,13,441.44,45.35,22.1,100
8/26/2023 7:11:18 AM,10,11,444.89,46.03,22.1,100
8/26/2023 7:10:18 AM,13,14,447.19,45.03,22,100
8/26/2023 7:09:20 AM,10,11,448.49,47.42,22,100
8/26/2023 7:08:19 AM,10,11,448.02,51.47,22,100
8/26/2023 7:07:19 AM,8,9,442.13,52.37,22,100
8/26/2023 7:06:19 AM,10,12,440.27,51.84,22,100
8/26/2023 7:05:18 AM,11,12,446.12,51.82,22,100
8/26/2023 7:04:19 AM,10,11,450.25,51.45,21.9,100
8/26/2023 7:03:22 AM,14,16,449.09,54.67,21.9,100
8/26/2023 7:02:21 AM,13,14,443.17,49.88,21.8,100
8/26/2023 7:01:17 AM,12,14,439.48,49.88,21.9,100
8/26/2023 7:00:11 AM,12,13,437.56,48.04,21.9,100
8/26/2023 6:59:05 AM,11,13,438.03,50.89,21.8,100
8/26/2023 6:58:01 AM,14,15,439.59,53.02,21.9,100
8/26/2023 6:56:52 AM,13,14,438.95,56.56,21.8,100
8/26/2023 6:55:46 AM,15,17,437.58,51.86,21.8,100
8/26/2023 6:54:53 AM,14,15,438.37,51.28,21.9,99.41
8/26/2023 6:53:40 AM,13,14,441.12,55.08,21.8,99.62
8/26/2023 6:52:26 AM,14,15,443.5,58.83,21.8,99.36
8/26/2023 6:51:25 AM,16,18,442.53,48.08,21.8,99.19
8/26/2023 6:50:14 AM,14,15,439.82,43.86,21.7,99.31
8/26/2023 6:48:48 AM,15,17,438.88,44.29,21.8,99.55
8/26/2023 6:47:11 AM,16,18,437.2,44.04,21.7,99.53
8/26/2023 6:46:13 AM,15,17,434.54,43.15,21.8,99.19
8/26/2023 6:45:11 AM,15,17,441.08,44.01,21.8,99.71
8/26/2023 6:44:11 AM,16,18,440.96,44.28,21.8,99.66
8/26/2023 6:43:10 AM,16,18,440.79,44.51,21.7,99.81
8/26/2023 6:42:11 AM,16,18,437.18,46.85,21.7,99.29
8/26/2023 6:41:15 AM,16,18,432.92,50.32,21.7,99.67
8/26/2023 6:40:04 AM,15,17,427.32,50.59,21.7,99.64
8/26/2023 6:39:05 AM,16,18,422.24,50.62,21.7,99.38
8/26/2023 6:38:04 AM,15,17,430.76,48.63,21.7,99.58
8/26/2023 6:37:04 AM,15,17,428.53,48.98,21.7,99.22
8/26/2023 6:36:04 AM,15,17,433.87,46.17,21.7,99.25
8/26/2023 6:35:04 AM,15,17,435.52,45.78,21.7,99.47
8/26/2023 6:34:51 AM,14,15,435.55,46.02,21.7,99.55
8/26/2023 6:33:15 AM,17,19,433.26,47.07,21.7,99.6
8/26/2023 6:31:56 AM,15,17,429.62,49.72,21.7,99.42
8/26/2023 6:30:00 AM,15,17,443.18,59.05,21.7,99.86
8/26/2023 6:28:55 AM,16,18,444.84,56.59,21.6,99.52
8/26/2023 6:27:02 AM,16,19,450.44,43.32,21.7,99.14
8/26/2023 6:25:49 AM,16,18,441.38,52.91,21.7,99.14
8/26/2023 6:24:49 AM,16,18,441.32,54.89,21.7,99.79
8/26/2023 6:23:49 AM,14,15,441.6,56.32,21.7,99.71
8/26/2023 6:22:50 AM,18,20,441.66,48.83,21.7,99.62
8/26/2023 6:21:50 AM,16,18,439.17,46.67,21.7,99.29
8/26/2023 6:20:43 AM,16,18,434.96,45.07,21.6,99.69
8/26/2023 6:19:43 AM,16,18,431.83,44.91,21.6,99.49
8/26/2023 6:18:42 AM,15,17,432.34,44.44,21.6,99.29
8/26/2023 6:17:43 AM,16,18,431.32,44.9,21.6,99.45
8/26/2023 6:16:42 AM,16,18,428.33,47.51,21.6,99.55
8/26/2023 6:15:42 AM,17,19,434.89,53.16,21.6,99.46
8/26/2023 6:14:42 AM,16,18,439.97,54.09,21.6,99.82
8/26/2023 6:13:43 AM,13,14,439.17,53.5,21.6,99.13
8/26/2023 6:12:43 AM,13,14,438.52,55.95,21.6,99.31
8/26/2023 6:11:44 AM,14,15,436.39,51.52,21.6,99.52
8/26/2023 6:10:40 AM,15,17,435.7,56.24,21.6,99.23
8/26/2023 6:09:40 AM,13,14,435.44,64.49,21.6,99.64
8/26/2023 6:08:42 AM,12,13,434.72,57.88,21.6,99.6
8/26/2023 6:07:40 AM,12,13,438.1,46.67,21.6,99.87
8/26/2023 6:06:42 AM,14,15,439.75,42.02,21.6,99.51
8/26/2023 6:05:40 AM,11,12,441.3,44.37,21.6,100
8/26/2023 6:04:39 AM,12,13,439.29,46.63,21.6,100
8/26/2023 6:03:40 AM,12,13,441.92,46.76,21.6,100
8/26/2023 6:02:41 AM,12,13,437.76,44.66,21.6,100
8/26/2023 6:01:39 AM,12,13,435.85,46.7,21.5,100
8/26/2023 6:00:40 AM,10,11,434.39,46.13,21.5,100
8/26/2023 5:59:40 AM,12,14,439.57,48.54,21.6,100
8/26/2023 5:58:41 AM,12,13,439.48,51.05,21.6,100
8/26/2023 5:57:40 AM,9,10,439.98,53.93,21.6,99.41
8/26/2023 5:56:41 AM,12,13,444.14,55.54,21.5,99.84
8/26/2023 5:55:39 AM,12,13,447.36,62.57,21.5,99.16
8/26/2023 5:54:40 AM,12,13,445.23,57.16,21.5,99.2
8/26/2023 5:53:41 AM,12,13,440.45,60.93,21.5,99.61
8/26/2023 5:52:41 AM,12,13,430.86,50.94,21.5,99.71
8/26/2023 5:51:40 AM,12,13,422.82,44.1,21.5,99.33
8/26/2023 5:50:56 AM,12,13,419.42,38.03,21.5,99.14
8/26/2023 5:49:12 AM,13,14,439.16,52.46,21.5,99.45
8/26/2023 5:48:18 AM,13,14,440.35,46.63,21.5,99.51
8/26/2023 5:47:13 AM,14,15,437.28,46.1,21.5,99.66
8/26/2023 5:46:12 AM,14,15,436.54,49,21.5,99.35
8/26/2023 5:45:13 AM,14,15,438.81,53.89,21.5,99.2
8/26/2023 5:44:12 AM,13,14,438.53,57.84,21.5,99.12
8/26/2023 5:43:12 AM,16,18,436.56,50.88,21.5,99.15
8/26/2023 5:42:14 AM,15,17,441.09,52.61,21.5,99.18
8/26/2023 5:41:13 AM,14,15,438.88,42.32,21.6,99.41
8/26/2023 5:40:12 AM,14,15,438.5,43.87,21.5,99.29
8/26/2023 5:39:13 AM,15,17,439.95,45.49,21.5,99.27
8/26/2023 5:38:14 AM,18,20,437.45,45.85,21.5,99.23
8/26/2023 5:37:13 AM,18,20,442.09,44.13,21.4,99.51
8/26/2023 5:36:13 AM,19,21,441.09,42.64,21.4,99.58
8/26/2023 5:35:13 AM,20,22,433.82,44.85,21.4,99.28
8/26/2023 5:34:14 AM,18,20,435.85,49.79,21.5,99.14
8/26/2023 5:33:13 AM,17,19,442.92,55.95,21.4,99.85
8/26/2023 5:32:13 AM,20,22,441.73,62.26,21.4,99.83
8/26/2023 5:31:13 AM,17,19,438.1,56.34,21.4,99.44
8/26/2023 5:30:13 AM,16,18,434.62,61.19,21.4,99.2
8/26/2023 5:29:13 AM,15,17,435.32,52.65,21.4,99.14
8/26/2023 5:28:13 AM,17,19,434.95,54.53,21.4,99.36
8/26/2023 5:27:14 AM,15,17,434.21,45.8,21.4,99.67
8/26/2023 5:26:13 AM,15,17,438.75,48.65,21.4,99.57
8/26/2023 5:25:13 AM,15,17,438.42,51.18,21.4,99.54
8/26/2023 5:24:14 AM,15,17,435.61,54.95,21.4,99.6
8/26/2023 5:23:15 AM,14,15,438.32,47.93,21.5,99.85
8/26/2023 5:22:12 AM,14,15,442.32,45.95,21.5,99.39
8/26/2023 5:21:14 AM,15,17,442.48,48.1,21.4,99.36
8/26/2023 5:20:12 AM,15,17,441.44,50.25,21.4,99.24
8/26/2023 5:19:13 AM,15,17,438.2,53.73,21.4,99.38
8/26/2023 5:18:13 AM,16,18,438.56,58.82,21.4,99.54
8/26/2023 5:17:13 AM,15,17,433.71,52.66,21.4,99.67
8/26/2023 5:16:13 AM,15,17,430.9,57.94,21.4,99.27
8/26/2023 5:15:12 AM,16,18,421.5,51.53,21.4,99.52
8/26/2023 5:14:13 AM,15,17,408.36,53.88,21.4,99.14
8/26/2023 5:13:01 AM,15,17,443.27,46.65,21.4,99.68
8/26/2023 5:12:01 AM,16,18,440.51,45.9,21.5,99.67
8/26/2023 5:11:01 AM,15,17,438.5,44.93,21.4,99.68
8/26/2023 5:10:05 AM,16,18,443.88,44.95,21.5,99.75
8/26/2023 5:09:02 AM,13,14,446.1,43.66,21.5,99.81
8/26/2023 5:08:01 AM,16,18,442.86,42.44,21.5,100
8/26/2023 5:07:01 AM,13,14,442.05,43.12,21.5,100
8/26/2023 5:06:01 AM,12,13,440.46,44.87,21.6,100
8/26/2023 5:05:01 AM,11,12,439.45,44.97,21.6,100
8/26/2023 5:04:01 AM,13,14,436.31,45.29,21.6,100
8/26/2023 5:03:01 AM,9,10,435.28,45.59,21.6,100
8/26/2023 5:02:03 AM,8,9,436.49,48.17,21.7,100
8/26/2023 5:01:01 AM,9,10,436.4,50.25,21.7,100
8/26/2023 5:00:02 AM,8,9,441.51,53.16,21.7,100
8/26/2023 4:59:01 AM,7,7,448.29,57.1,21.7,100
8/26/2023 4:58:01 AM,8,9,446.32,47.39,21.7,100
8/26/2023 4:57:01 AM,7,7,441.47,51.32,21.7,100
8/26/2023 4:56:01 AM,8,9,440.14,52.7,21.7,100
8/26/2023 4:55:01 AM,6,6,441.84,53.96,21.8,100
8/26/2023 4:54:02 AM,7,7,442.51,48.29,21.8,100
8/26/2023 4:53:01 AM,8,9,445.92,53.26,21.7,100
8/26/2023 4:52:03 AM,8,9,446.93,57.52,21.7,100
8/26/2023 4:51:01 AM,6,6,441.22,50.82,21.7,100
8/26/2023 4:50:02 AM,7,7,437.79,56.11,21.7,100
8/26/2023 4:49:18 AM,10,11,440.95,59.45,21.7,100
8/26/2023 4:48:04 AM,7,7,438.3,49.6,21.7,100
8/26/2023 4:47:01 AM,7,7,442.22,48.75,21.8,100
8/26/2023 4:46:01 AM,8,9,447.67,53.42,21.8,100
8/26/2023 4:45:01 AM,7,7,448.76,55.79,21.8,100
8/26/2023 4:44:07 AM,8,10,447.32,49.37,21.8,100
8/26/2023 4:43:02 AM,7,7,441.17,46.12,21.7,100
8/26/2023 4:42:02 AM,6,6,437.57,44.14,21.8,100
8/26/2023 4:41:01 AM,6,6,433.01,43.97,21.8,100
8/26/2023 4:39:56 AM,9,10,424.34,45.12,21.7,100
8/26/2023 4:38:55 AM,9,10,407.79,47.02,21.7,100
8/26/2023 4:37:55 AM,8,9,385.41,44.57,21.7,100
8/26/2023 4:36:34 AM,9,10,440.9,58.78,21.7,100
8/26/2023 4:35:33 AM,7,7,439.02,64.18,21.7,100
8/26/2023 4:34:35 AM,8,9,438.69,57.65,21.7,100
8/26/2023 4:33:33 AM,7,7,443.03,58.57,21.7,100
8/26/2023 4:32:34 AM,8,9,442.42,57.43,21.7,100
8/26/2023 4:31:32 AM,7,7,441.29,62.67,21.7,100
8/26/2023 4:30:33 AM,8,9,441.67,59.24,21.6,100
8/26/2023 4:29:37 AM,8,9,439.65,59.48,21.7,100
8/26/2023 4:28:35 AM,7,7,441.02,52.34,21.6,100
8/26/2023 4:27:32 AM,6,6,445,55.31,21.6,100
8/26/2023 4:26:33 AM,8,9,446.83,50.12,21.6,100
8/26/2023 4:25:34 AM,8,9,449.27,52.25,21.6,100
8/26/2023 4:24:33 AM,8,9,444.45,45.14,21.6,100
8/26/2023 4:23:33 AM,7,7,435.31,45.14,21.6,100
8/26/2023 4:22:34 AM,8,9,430.82,43.63,21.6,100
8/26/2023 4:21:33 AM,8,9,436.31,44.41,21.6,100
8/26/2023 4:20:33 AM,6,6,441.78,47.29,21.6,100
8/26/2023 4:19:33 AM,7,7,442.07,51.66,21.6,100
8/26/2023 4:18:35 AM,6,6,441.8,57.34,21.6,100
8/26/2023 4:17:33 AM,6,6,440.05,49.82,21.6,100
8/26/2023 4:16:33 AM,6,6,443.12,52.39,21.6,100
8/26/2023 4:15:34 AM,7,7,438.65,56.4,21.6,100
8/26/2023 4:14:33 AM,7,7,437.55,47.82,21.6,100
8/26/2023 4:13:36 AM,6,6,441.84,51,21.6,100
8/26/2023 4:12:33 AM,6,6,444.21,46.29,21.6,100
8/26/2023 4:11:33 AM,6,6,442.02,43.8,21.6,100
8/26/2023 4:10:33 AM,7,7,433.72,44.6,21.6,100
8/26/2023 4:09:33 AM,6,6,431.76,45.8,21.6,100
8/26/2023 4:08:33 AM,7,7,434.35,48.48,21.6,100
8/26/2023 4:07:33 AM,6,6,437.83,46.84,21.6,100
8/26/2023 4:06:33 AM,6,6,442.61,49.34,21.7,100
8/26/2023 4:05:33 AM,5,5,445.66,49.28,21.7,100
8/26/2023 4:04:33 AM,6,6,442.72,50.18,21.7,100
8/26/2023 4:03:33 AM,7,7,440.04,51.1,21.7,100
8/26/2023 4:02:33 AM,6,6,442.66,53.63,21.7,100
8/26/2023 4:01:32 AM,6,6,445.19,46.81,21.7,100
8/26/2023 4:00:11 AM,7,7,440.06,48.73,21.7,100
8/26/2023 3:59:11 AM,5,5,440.53,50.39,21.7,100
8/26/2023 3:58:11 AM,7,8,441.17,47.17,21.7,100
8/26/2023 3:57:11 AM,5,5,439.06,49.67,21.7,100
8/26/2023 3:56:11 AM,8,9,438.86,50.7,21.7,100
8/26/2023 3:55:11 AM,5,5,439.52,54.47,21.7,100
8/26/2023 3:54:11 AM,6,6,436.05,46.95,21.7,100
8/26/2023 3:53:11 AM,6,6,437.25,52.04,21.7,100
8/26/2023 3:52:11 AM,6,6,439.51,56.85,21.6,100
8/26/2023 3:51:11 AM,7,7,439.9,59.24,21.6,100
8/26/2023 3:50:11 AM,7,7,440.62,50.04,21.7,100
8/26/2023 3:49:11 AM,7,7,440.15,50.39,21.6,100
8/26/2023 3:48:12 AM,7,7,435.67,48.17,21.6,100
8/26/2023 3:47:11 AM,8,9,430.12,46.11,21.6,100
8/26/2023 3:46:11 AM,8,9,434.85,47.52,21.6,100
8/26/2023 3:45:11 AM,7,7,435.87,47.92,21.6,100
8/26/2023 3:44:11 AM,9,10,431.1,45.86,21.6,100
8/26/2023 3:43:12 AM,8,9,433.27,49.86,21.6,100
8/26/2023 3:42:11 AM,8,9,435.34,52.13,21.6,100
8/26/2023 3:41:12 AM,6,6,432.6,55.29,21.6,100
8/26/2023 3:40:11 AM,7,7,434.26,58.63,21.6,100
8/26/2023 3:39:11 AM,8,9,433.57,47.98,21.6,100
8/26/2023 3:38:11 AM,5,5,430.25,46.97,21.6,100
8/26/2023 3:37:11 AM,6,6,431.46,49.21,21.5,100
8/26/2023 3:36:12 AM,5,5,434.9,52.99,21.6,100
8/26/2023 3:35:11 AM,6,6,441.51,56.85,21.6,100
8/26/2023 3:34:11 AM,6,6,445.12,64.59,21.6,100
8/26/2023 3:33:12 AM,6,6,441.6,58.93,21.6,100
8/26/2023 3:32:11 AM,4,4,434.2,51.63,21.7,100
8/26/2023 3:31:12 AM,5,5,433.02,54.88,21.6,100
8/26/2023 3:30:11 AM,5,5,438.06,57.77,21.6,100
8/26/2023 3:29:11 AM,5,5,440.55,62.43,21.5,100
8/26/2023 3:28:11 AM,6,6,441.55,54.29,21.6,100
8/26/2023 3:27:11 AM,4,4,446.9,53.11,21.5,100
8/26/2023 3:26:11 AM,5,5,449.96,56.6,21.6,100
8/26/2023 3:25:11 AM,4,4,453.54,46.52,21.6,100
8/26/2023 3:23:52 AM,4,4,437.22,46.26,21.6,100
8/26/2023 3:22:53 AM,4,4,435.76,45.09,21.5,100
8/26/2023 3:21:51 AM,5,5,438.08,46.01,21.6,100
8/26/2023 3:20:52 AM,5,5,440.69,49.75,21.6,100
8/26/2023 3:19:52 AM,3,3,441.97,53.4,21.6,100
8/26/2023 3:18:52 AM,3,3,440.59,45.27,21.6,100
8/26/2023 3:17:52 AM,5,5,438.96,46.67,21.5,100
8/26/2023 3:16:52 AM,3,3,439.77,46.8,21.6,100
8/26/2023 3:15:52 AM,5,5,439.46,48.81,21.6,100
8/26/2023 3:14:52 AM,3,3,437.7,44.45,21.6,100
8/26/2023 3:13:53 AM,5,5,438.97,45.41,21.6,100
8/26/2023 3:12:52 AM,4,4,438.45,44.99,21.6,100
8/26/2023 3:11:52 AM,3,3,439.33,46.77,21.6,100
8/26/2023 3:10:52 AM,5,5,434.88,48.43,21.6,100
8/26/2023 3:09:52 AM,5,5,436.39,52.21,21.6,100
8/26/2023 3:08:52 AM,4,4,441.14,55.03,21.6,100
8/26/2023 3:07:52 AM,0,0,441.06,45.24,21.5,100
8/26/2023 3:06:51 AM,5,5,439.62,49.65,21.5,100
8/26/2023 3:05:53 AM,4,4,441.52,51.38,21.5,100
8/26/2023 3:04:52 AM,5,5,441.83,53.93,21.6,100
8/26/2023 3:03:52 AM,4,4,439.55,42.89,21.5,100
8/26/2023 3:02:52 AM,5,5,439.71,43.5,21.5,100
8/26/2023 3:01:52 AM,7,8,440.62,44.3,21.4,100
8/26/2023 3:00:51 AM,6,7,437.93,45.88,21.5,100
8/26/2023 2:59:52 AM,5,5,436.37,46.91,21.5,100
8/26/2023 2:58:52 AM,5,5,435.42,44.12,21.5,100
8/26/2023 2:57:52 AM,6,6,438.22,45.92,21.5,100
8/26/2023 2:56:52 AM,6,6,435.56,44.31,21.5,100
8/26/2023 2:55:53 AM,5,5,433.56,44.58,21.5,100
8/26/2023 2:54:52 AM,4,4,437.57,43.86,21.4,100
8/26/2023 2:53:52 AM,5,5,438.86,43.64,21.4,100
8/26/2023 2:52:52 AM,6,7,434.5,43.8,21.3,100
8/26/2023 2:51:52 AM,7,7,434.61,44.24,21.4,100
8/26/2023 2:50:53 AM,7,7,430.65,42.98,21.4,100
8/26/2023 2:49:52 AM,6,6,424.82,42.88,21.4,100
8/26/2023 2:48:52 AM,5,5,411.87,35.9,21.4,100
8/26/2023 2:47:30 AM,6,6,441.84,56.62,21.4,100
8/26/2023 2:46:30 AM,5,5,447.05,62.83,21.4,100
8/26/2023 2:45:30 AM,5,5,444.5,56.74,21.4,100
8/26/2023 2:44:31 AM,6,6,438.81,46.98,21.4,100
8/26/2023 2:43:30 AM,6,6,438.26,48.52,21.4,100
8/26/2023 2:42:30 AM,7,7,433.57,46.88,21.4,100
8/26/2023 2:41:30 AM,6,6,432.14,48.99,21.4,100
8/26/2023 2:40:30 AM,6,6,433.16,54.35,21.4,100
8/26/2023 2:39:30 AM,5,5,437.48,60.3,21.4,100
8/26/2023 2:38:30 AM,8,9,435.59,53.44,21.4,100
8/26/2023 2:37:30 AM,5,5,439.69,52.59,21.4,100
8/26/2023 2:36:30 AM,6,6,443.64,47.08,21.5,100
8/26/2023 2:35:30 AM,6,7,444.05,47.32,21.5,100
8/26/2023 2:34:30 AM,6,6,441.27,48.15,21.5,100
8/26/2023 2:33:31 AM,6,6,442.78,50.51,21.6,100
8/26/2023 2:32:29 AM,4,4,444.39,56.5,21.5,100
8/26/2023 2:31:29 AM,7,7,443.3,60.81,21.5,100
8/26/2023 2:30:31 AM,4,4,441.26,56.26,21.5,100
8/26/2023 2:29:30 AM,6,6,440.05,62.75,21.5,100
8/26/2023 2:28:30 AM,7,7,441.54,56.44,21.5,100
8/26/2023 2:27:32 AM,7,7,447.89,58.26,21.5,100
8/26/2023 2:26:30 AM,7,7,449.42,52.85,21.5,100
8/26/2023 2:25:31 AM,6,7,449.37,55.21,21.5,100
8/26/2023 2:24:30 AM,8,9,447.85,60,21.5,100
8/26/2023 2:23:30 AM,6,6,444.88,53.25,21.5,100
8/26/2023 2:22:31 AM,6,7,445.09,59.14,21.5,100
8/26/2023 2:21:30 AM,8,9,443.67,57.75,21.5,100
8/26/2023 2:20:30 AM,6,6,441.5,49.46,21.5,100
8/26/2023 2:19:30 AM,7,7,446.1,42.13,21.5,100
8/26/2023 2:18:30 AM,6,6,443.06,44.25,21.5,100
8/26/2023 2:17:30 AM,6,6,441.72,46.4,21.5,100
8/26/2023 2:16:30 AM,6,6,438.5,48.11,21.5,100
8/26/2023 2:15:29 AM,6,6,433.67,45.42,21.5,100
8/26/2023 2:14:30 AM,7,7,434.85,47,21.5,100
8/26/2023 2:13:29 AM,7,7,436.14,45.93,21.5,100
8/26/2023 2:12:31 AM,6,7,442.13,45.21,21.5,100
8/26/2023 2:11:12 AM,7,7,446.9,50.67,21.5,100
8/26/2023 2:10:11 AM,7,7,445.74,43.78,21.6,100
8/26/2023 2:09:13 AM,7,8,446.14,43.44,21.6,100
8/26/2023 2:08:12 AM,8,9,443.3,45.9,21.6,100
8/26/2023 2:07:12 AM,9,10,445.08,47.93,21.6,100
8/26/2023 2:06:12 AM,11,12,445.76,50.02,21.5,100
8/26/2023 2:05:12 AM,11,12,447.31,51.85,21.5,100
8/26/2023 2:04:12 AM,11,12,447.27,51.92,21.5,100
8/26/2023 2:03:11 AM,10,12,443.99,49.74,21.6,100
8/26/2023 2:02:12 AM,8,9,445.74,54.08,21.7,100
8/26/2023 2:01:12 AM,9,10,447,53.27,21.6,100
8/26/2023 2:00:12 AM,9,10,445.81,53.09,21.6,100
8/26/2023 1:59:13 AM,11,12,444.4,54.74,21.6,100
8/26/2023 1:58:12 AM,10,11,446.62,57.88,21.6,100
8/26/2023 1:57:13 AM,10,11,447.12,48.74,21.5,100
8/26/2023 1:56:12 AM,8,9,441.79,48.6,21.5,100
8/26/2023 1:55:12 AM,9,10,437.47,54.26,21.6,100
8/26/2023 1:54:12 AM,9,10,439.09,60.9,21.5,100
8/26/2023 1:53:12 AM,9,10,433.66,54.18,21.6,100
8/26/2023 1:52:13 AM,9,10,430.75,49.39,21.6,100
8/26/2023 1:51:12 AM,7,7,437.15,49.58,21.6,100
8/26/2023 1:50:12 AM,9,10,444.47,51.84,21.6,100
8/26/2023 1:49:12 AM,9,10,448.39,55.93,21.6,100
8/26/2023 1:48:13 AM,6,6,448.23,61.17,21.6,100
8/26/2023 1:47:13 AM,8,9,446.25,53.43,21.5,100
8/26/2023 1:46:12 AM,9,10,444.14,47.38,21.6,100
8/26/2023 1:45:12 AM,8,9,442.43,51.97,21.6,100
8/26/2023 1:44:12 AM,7,8,441.92,57.95,21.6,100
8/26/2023 1:43:12 AM,8,9,444,57.99,21.6,100
8/26/2023 1:42:12 AM,7,7,442.73,50.58,21.6,100
8/26/2023 1:41:12 AM,6,6,437.15,51.73,21.6,100
8/26/2023 1:40:12 AM,7,7,441.23,55.44,21.6,100
8/26/2023 1:39:12 AM,6,6,443.31,44.62,21.6,100
8/26/2023 1:38:12 AM,6,6,444.66,45.63,21.5,100
8/26/2023 1:37:12 AM,6,6,449.06,42.88,21.6,100
8/26/2023 1:36:13 AM,7,8,453.37,42.4,21.5,100
8/26/2023 1:34:50 AM,5,5,444.65,53.24,21.5,100
8/26/2023 1:33:51 AM,6,6,445,57.92,21.5,100
8/26/2023 1:32:50 AM,7,7,445.01,50.54,21.5,100
8/26/2023 1:31:50 AM,8,9,448,54.44,21.5,100
8/26/2023 1:30:50 AM,7,7,451.65,42.87,21.5,100
8/26/2023 1:29:51 AM,6,6,452.01,45.16,21.5,100
8/26/2023 1:28:50 AM,7,7,449.06,47.87,21.5,100
8/26/2023 1:27:50 AM,6,7,444.16,47.27,21.5,100
8/26/2023 1:26:50 AM,7,7,445.34,51.35,21.5,100
8/26/2023 1:25:50 AM,5,5,445.56,56.33,21.5,100
8/26/2023 1:24:50 AM,6,6,447.37,52.45,21.5,100
8/26/2023 1:23:50 AM,5,6,443.52,54.32,21.5,100
8/26/2023 1:22:50 AM,6,6,445.79,58.22,21.5,100
8/26/2023 1:21:51 AM,6,6,442.64,47.7,21.5,100
8/26/2023 1:20:50 AM,7,7,439.58,47.56,21.5,100
8/26/2023 1:19:50 AM,6,6,444.3,51.26,21.5,100
8/26/2023 1:18:50 AM,7,7,451.91,59.44,21.5,100
8/26/2023 1:17:49 AM,8,9,454.2,70.34,21.6,100
8/26/2023 1:16:51 AM,5,5,449.43,70.34,21.6,100
8/26/2023 1:15:50 AM,6,7,446.14,64.89,21.5,100
8/26/2023 1:14:52 AM,6,6,443.15,56.34,21.5,100
8/26/2023 1:13:50 AM,6,6,445.62,47.54,21.5,100
8/26/2023 1:12:50 AM,6,6,446.67,50.59,21.5,100
8/26/2023 1:11:50 AM,6,6,446.66,52.27,21.5,100
8/26/2023 1:10:50 AM,5,5,447.16,44.02,21.6,100
8/26/2023 1:09:50 AM,6,6,446.78,46.59,21.5,100
8/26/2023 1:08:50 AM,6,6,441.77,49.84,21.5,100
8/26/2023 1:07:50 AM,6,7,441.55,53.67,21.5,100
8/26/2023 1:06:50 AM,6,6,441.29,52.5,21.5,100
8/26/2023 1:05:50 AM,5,6,437.44,41.8,21.5,100
8/26/2023 1:04:50 AM,6,6,441.64,43.28,21.5,100
8/26/2023 1:03:50 AM,5,5,451.27,45.13,21.5,100
8/26/2023 1:02:54 AM,7,7,455.18,46.66,21.5,100
8/26/2023 1:01:50 AM,6,6,459.79,45.47,21.6,99.13
8/26/2023 1:00:50 AM,6,6,470.73,46.09,21.5,99.75
8/26/2023 12:59:50 AM,8,9,486.39,47.32,21.5,99.81
8/26/2023 12:58:34 AM,8,9,444.38,47.79,21.5,99.56
8/26/2023 12:57:34 AM,6,6,449.8,52.21,21.5,100
8/26/2023 12:56:34 AM,5,5,454.53,57.61,21.5,100
8/26/2023 12:55:34 AM,6,7,452.89,54.06,21.6,100
8/26/2023 12:54:01 AM,8,9,448.56,48.35,21.6,100
8/26/2023 12:52:27 AM,6,6,446.16,46.49,21.6,100
8/26/2023 12:51:27 AM,5,5,445.45,45.53,21.7,100
8/26/2023 12:50:30 AM,6,6,447.6,47.74,21.6,100
8/26/2023 12:49:28 AM,6,6,444.56,49.3,21.6,100
8/26/2023 12:48:27 AM,7,7,443.45,50,21.6,100
8/26/2023 12:47:27 AM,8,9,441.34,44.93,21.6,100
8/26/2023 12:46:28 AM,6,6,441.11,45.78,21.6,100
8/26/2023 12:45:27 AM,9,10,440.55,47.29,21.6,100
8/26/2023 12:44:27 AM,8,9,443.12,48.61,21.6,100
8/26/2023 12:43:28 AM,7,7,444.64,52.79,21.7,100
8/26/2023 12:42:27 AM,7,7,441.39,55.19,21.7,100
8/26/2023 12:41:29 AM,7,8,442.08,55.81,21.7,100
8/26/2023 12:40:27 AM,7,7,439.35,44.7,21.7,100
8/26/2023 12:39:27 AM,8,9,440.53,45.67,21.7,100
8/26/2023 12:38:28 AM,8,9,445.22,48.52,21.7,100
8/26/2023 12:37:27 AM,7,7,444.4,49.86,21.7,100
8/26/2023 12:36:26 AM,8,9,442.57,51.97,21.7,100
8/26/2023 12:35:27 AM,8,9,442.14,55,21.7,100
8/26/2023 12:34:28 AM,8,9,445.83,47.36,21.8,100
8/26/2023 12:33:27 AM,7,7,446.45,50.3,21.8,100
8/26/2023 12:32:27 AM,5,5,443.62,53.52,21.8,100
8/26/2023 12:31:27 AM,5,5,446.05,49.11,21.7,100
8/26/2023 12:30:27 AM,7,7,452.3,51.13,21.7,100
8/26/2023 12:29:28 AM,7,7,456.78,53.29,21.7,100
8/26/2023 12:28:27 AM,6,6,453.88,53.56,21.8,100
8/26/2023 12:27:27 AM,7,7,454.83,53.27,21.8,100
8/26/2023 12:26:27 AM,6,6,447.04,46.71,21.8,100
8/26/2023 12:25:28 AM,6,6,442.86,51.1,21.8,100
8/26/2023 12:24:28 AM,6,6,442.24,54.1,21.7,100
8/26/2023 12:23:27 AM,7,7,443.08,59.31,21.8,100
8/26/2023 12:22:06 AM,8,9,447.74,54.61,21.8,100
8/26/2023 12:21:06 AM,7,8,447.69,51.88,21.8,100
8/26/2023 12:20:06 AM,8,9,448.3,44.54,21.8,100
8/26/2023 12:19:06 AM,7,8,450.24,43.35,21.8,100
8/26/2023 12:18:06 AM,9,10,445.16,43.25,21.8,99
8/26/2023 12:17:06 AM,8,9,444.36,43.61,21.9,99
8/26/2023 12:16:06 AM,8,9,444.45,45.1,21.8,100
8/26/2023 12:15:06 AM,7,7,442.59,43.59,21.8,100
8/26/2023 12:14:06 AM,9,10,443.02,43.24,21.8,99
8/26/2023 12:13:07 AM,10,11,441.94,42.99,21.8,100
8/26/2023 12:12:06 AM,8,9,442.5,43.6,21.8,99
8/26/2023 12:11:06 AM,9,10,442.48,45.85,21.8,99
8/26/2023 12:10:18 AM,8,9,442.49,49.3,21.8,99
8/26/2023 12:09:06 AM,8,9,448.73,52.43,21.8,99
8/26/2023 12:08:06 AM,8,9,452.65,54.57,21.8,99
8/26/2023 12:07:06 AM,8,9,457.1,45.24,21.8,99
8/26/2023 12:06:06 AM,10,11,454.78,44.47,21.8,99
8/26/2023 12:05:06 AM,9,10,453.92,44.54,21.8,99
8/26/2023 12:04:07 AM,12,13,450.12,44.32,21.8,99
8/26/2023 12:03:06 AM,11,13,449.24,45.72,21.8,99
8/26/2023 12:02:06 AM,13,15,450.35,49.02,21.8,99
8/26/2023 12:01:06 AM,11,12,449.57,51.94,21.8,99
8/26/2023 12:00:06 AM,11,12,447.66,46.59,21.8,99
8/25/2023 11:59:06 PM,11,12,442.04,48.86,21.8,99
8/25/2023 11:58:06 PM,10,11,447.42,50.87,21.8,99
8/25/2023 11:57:06 PM,12,13,449.9,54.54,21.8,99
8/25/2023 11:56:07 PM,14,15,449.46,56.16,21.8,99
8/25/2023 11:55:06 PM,12,13,451.82,48.88,21.9,99
8/25/2023 11:54:06 PM,11,12,454.4,52.19,21.9,99
8/25/2023 11:53:06 PM,11,12,455.26,51.41,21.9,99
8/25/2023 11:52:06 PM,14,15,457.17,52.08,21.8,100
8/25/2023 11:51:07 PM,17,19,460.06,55.3,21.9,100
8/25/2023 11:50:06 PM,15,17,463.59,48.57,21.8,100
8/25/2023 11:49:06 PM,16,18,470.36,51.87,21.8,100
8/25/2023 11:48:07 PM,17,19,475.67,46.3,21.8,100
8/25/2023 11:47:06 PM,20,22,484.4,46.68,21.8,100
8/25/2023 11:45:51 PM,18,20,450.02,47.71,21.8,100
8/25/2023 11:44:51 PM,19,21,447.35,49.9,21.8,100
8/25/2023 11:43:50 PM,17,19,449.64,53.45,21.9,100
8/25/2023 11:42:50 PM,17,19,452.06,55.88,21.8,100
8/25/2023 11:41:51 PM,16,18,450.64,46.61,21.9,100
8/25/2023 11:40:51 PM,14,16,448.45,46.59,21.9,100
8/25/2023 11:39:51 PM,12,13,443.31,46.33,21.9,100
8/25/2023 11:38:51 PM,15,17,447.96,45.89,21.9,100
8/25/2023 11:37:51 PM,14,15,451.86,46.28,21.8,100
8/25/2023 11:36:50 PM,12,13,455.55,46.94,21.9,100
8/25/2023 11:35:51 PM,11,12,451.48,48.2,21.9,100
8/25/2023 11:34:52 PM,12,13,448.34,46.92,21.9,100
8/25/2023 11:33:52 PM,12,13,447.12,45.92,21.9,99
8/25/2023 11:32:51 PM,12,13,448.57,47.73,21.9,99
8/25/2023 11:31:51 PM,11,12,450,50.67,21.9,99
8/25/2023 11:30:50 PM,9,10,446.25,55.72,21.9,99
8/25/2023 11:29:51 PM,9,10,445.35,58,21.9,99
8/25/2023 11:28:52 PM,11,12,442.92,50.91,21.9,99
8/25/2023 11:27:51 PM,10,11,448.76,55.34,21.9,99
8/25/2023 11:26:55 PM,9,10,450.95,56.72,21.9,99
8/25/2023 11:25:44 PM,9,10,449.53,48.49,21.9,99
8/25/2023 11:24:44 PM,10,11,446.81,51.02,21.9,99
8/25/2023 11:23:44 PM,10,11,446.25,54.2,21.9,99
8/25/2023 11:22:44 PM,11,12,441.95,46.13,21.9,99
8/25/2023 11:21:44 PM,9,10,437.58,45.69,22,99
8/25/2023 11:20:43 PM,9,10,441.59,46.32,21.9,99
8/25/2023 11:19:44 PM,9,10,445.4,48.91,21.9,99
8/25/2023 11:18:44 PM,11,12,449.92,51.71,21.9,99
8/25/2023 11:17:44 PM,9,10,444.37,47.02,22,99
8/25/2023 11:16:44 PM,10,11,446.62,48.26,21.9,99
8/25/2023 11:15:44 PM,9,10,448.88,45.28,21.9,99
8/25/2023 11:14:44 PM,11,12,445.83,46.53,21.9,99
8/25/2023 11:13:44 PM,9,10,450.47,44.15,21.9,99
8/25/2023 11:12:53 PM,11,12,459.02,43.23,21.9,99
8/25/2023 11:11:46 PM,10,11,468.57,40.87,22,99
8/25/2023 11:10:45 PM,10,11,476.29,39.98,22,99
8/25/2023 11:09:53 PM,9,10,441.74,45.86,22,99
8/25/2023 11:08:35 PM,10,11,442.66,45.88,21.9,99
8/25/2023 11:07:36 PM,11,12,443.02,47.4,21.9,98
8/25/2023 11:06:36 PM,11,12,443.98,47.75,21.9,98
8/25/2023 11:05:34 PM,8,9,440.63,48.49,21.9,98
8/25/2023 11:04:37 PM,10,11,441.01,46.18,21.9,98
8/25/2023 11:03:35 PM,9,10,443.21,44.59,22,98
8/25/2023 11:02:35 PM,9,10,441.99,44.69,22,98
8/25/2023 11:01:35 PM,9,10,441.88,46.02,21.9,98
8/25/2023 11:00:38 PM,10,11,437.94,46.17,21.9,98
8/25/2023 10:59:53 PM,9,10,439.11,45.58,22,98
8/25/2023 10:58:35 PM,8,9,444.44,45.47,22,98
8/25/2023 10:57:30 PM,8,9,447.82,45.61,22,98
8/25/2023 10:56:30 PM,7,7,449.16,45.44,22,98
8/25/2023 10:55:29 PM,10,11,447.12,45.55,22,98
8/25/2023 10:54:31 PM,12,16,439.13,45.4,22,98
8/25/2023 10:53:32 PM,12,13,434.07,46.02,22,98
8/25/2023 10:52:34 PM,14,15,437.66,46.34,22,98
8/25/2023 10:51:31 PM,12,13,439.38,46.01,22,98
8/25/2023 10:50:31 PM,13,14,440.55,47.31,22,97
8/25/2023 10:49:31 PM,11,12,439.02,49.85,22,97
8/25/2023 10:48:30 PM,15,17,443.31,49.33,22,97
8/25/2023 10:47:30 PM,12,13,448.83,52.38,22,97
8/25/2023 10:46:30 PM,12,13,448.54,55.48,22,98
8/25/2023 10:45:30 PM,11,12,447.52,59.58,22,97
8/25/2023 10:44:31 PM,10,11,449.87,51.57,22,97
8/25/2023 10:43:30 PM,9,10,449.3,52.92,22,97
8/25/2023 10:42:30 PM,9,10,446.5,52.31,22.1,97
8/25/2023 10:41:30 PM,7,7,445,49.06,22.1,97
8/25/2023 10:40:30 PM,6,7,444.16,49.65,22.1,97
8/25/2023 10:39:30 PM,6,6,441.43,47.15,22.1,97
8/25/2023 10:38:31 PM,7,7,440.04,48.22,22.1,97
8/25/2023 10:37:30 PM,6,6,438.08,46.75,22,97
8/25/2023 10:36:30 PM,6,6,438.08,47.4,22,97
8/25/2023 10:35:31 PM,6,6,433.13,40.78,22,97
8/25/2023 10:34:23 PM,8,9,426.41,38.19,22,97
8/25/2023 10:33:11 PM,7,7,447.35,44.92,22,97
8/25/2023 10:32:06 PM,6,6,448.51,47.44,22,97
8/25/2023 10:31:24 PM,5,5,447.34,50.32,22,97
8/25/2023 10:30:07 PM,6,6,443.25,52.24,22,97
8/25/2023 10:29:04 PM,7,8,443.57,58.23,22,98
8/25/2023 10:28:10 PM,6,6,443.11,58.2,22,97
8/25/2023 10:27:05 PM,8,9,439.76,48.45,22,97
8/25/2023 10:26:24 PM,6,7,442.16,48.54,22,97
8/25/2023 10:25:07 PM,5,5,443.8,49.18,22,97
8/25/2023 10:24:04 PM,6,6,446.01,46.4,22,97
8/25/2023 10:23:06 PM,8,9,447.57,45.74,22,97
8/25/2023 10:22:05 PM,6,6,444.29,45.53,22,97
8/25/2023 10:21:22 PM,8,9,445.15,45.38,22,97
8/25/2023 10:20:04 PM,6,6,447.36,46.06,22.1,97
8/25/2023 10:19:10 PM,6,6,447.3,47.55,22,97
8/25/2023 10:18:05 PM,7,7,445.23,45.51,22,97
8/25/2023 10:17:09 PM,6,6,444.55,46.91,22,97
8/25/2023 10:16:11 PM,6,6,444.22,50.48,22,97
8/25/2023 10:15:07 PM,8,9,442.34,54.59,22,97
8/25/2023 10:14:03 PM,6,6,438.77,51.28,22,97
8/25/2023 10:13:06 PM,6,6,441.39,49.75,22,97
8/25/2023 10:12:04 PM,7,7,442.74,51.95,22,97
8/25/2023 10:11:04 PM,6,6,442.03,53.59,22.1,97
8/25/2023 10:10:04 PM,6,6,440.3,51.65,22,97
8/25/2023 10:09:05 PM,6,6,439.35,48.07,22,97
8/25/2023 10:08:22 PM,6,6,440.68,49.99,22,97
8/25/2023 10:07:08 PM,5,5,447.48,47.17,22.1,97
8/25/2023 10:06:03 PM,6,6,446.88,49.81,22,97
8/25/2023 10:05:02 PM,7,7,442.84,52.22,22,97
8/25/2023 10:04:04 PM,6,6,448.48,53.9,22,97
8/25/2023 10:03:04 PM,6,6,449.9,49.93,22,97
8/25/2023 10:02:01 PM,7,7,447.56,51.46,22,97
8/25/2023 10:01:02 PM,5,5,448.92,55.07,22,97
8/25/2023 10:00:05 PM,7,7,456.42,56.02,22,97
8/25/2023 9:59:03 PM,6,6,466.69,47.08,22.1,97
8/25/2023 9:58:02 PM,6,6,473.46,47.3,22,97
8/25/2023 9:57:03 PM,8,9,443.96,46.12,22,97
8/25/2023 9:56:04 PM,8,9,444.43,44.35,22,97
8/25/2023 9:55:03 PM,6,6,440.63,42.67,22,97
8/25/2023 9:53:58 PM,7,8,444.51,43.87,22,97
8/25/2023 9:52:51 PM,6,7,446.43,44.85,22,97
8/25/2023 9:51:11 PM,6,6,453.37,46.81,22.1,97
8/25/2023 9:49:36 PM,8,9,451.8,47.94,22,98
8/25/2023 9:48:29 PM,8,9,446.66,44.98,22,97
8/25/2023 9:47:29 PM,7,7,438.24,44.06,22.1,97
8/25/2023 9:46:31 PM,8,9,436.01,45.19,22,97
8/25/2023 9:45:29 PM,9,10,439.71,47.18,22.1,97
8/25/2023 9:44:35 PM,6,7,438.67,48.17,22.1,97
8/25/2023 9:43:30 PM,7,8,440.47,48.33,22,98
8/25/2023 9:42:36 PM,8,9,445.8,44.2,22,97
8/25/2023 9:41:46 PM,8,9,454.56,43.55,22,97
8/25/2023 9:40:33 PM,8,9,454.54,45.09,22.1,97
8/25/2023 9:39:28 PM,6,7,452.52,46.54,22.1,97
8/25/2023 9:38:27 PM,6,6,449.75,47.75,22.1,97
8/25/2023 9:37:29 PM,9,10,448.82,49.07,22.1,97
8/25/2023 9:36:25 PM,7,8,447.54,47.66,22,98
8/25/2023 9:35:19 PM,6,6,447.62,44.85,22,98
8/25/2023 9:34:16 PM,7,7,449.5,45.79,22,98
8/25/2023 9:33:08 PM,8,9,446.5,45.82,22,98
8/25/2023 9:32:00 PM,6,6,447.69,43.51,22,98
8/25/2023 9:30:53 PM,7,7,446.48,41.85,22,98
8/25/2023 9:29:54 PM,8,9,446.83,44.11,21.9,98
8/25/2023 9:28:54 PM,7,7,448.05,45.1,22,98
8/25/2023 9:27:53 PM,8,9,445.14,46.59,21.9,98
8/25/2023 9:26:54 PM,7,7,443.88,47.05,21.9,98
8/25/2023 9:25:11 PM,8,9,442.44,44.64,21.9,98
8/25/2023 9:23:47 PM,6,7,444.62,46.87,21.9,98
8/25/2023 9:22:42 PM,7,7,437.76,46.81,21.9,98
8/25/2023 9:21:48 PM,6,6,431.06,40.95,21.9,98
8/25/2023 9:20:56 PM,7,7,444.2,46.62,21.9,98
8/25/2023 9:19:02 PM,7,7,445.65,46.44,21.9,98
8/25/2023 9:17:56 PM,7,7,445.8,48.01,21.9,98
8/25/2023 9:16:56 PM,6,6,445.63,46.13,21.9,98
8/25/2023 9:15:59 PM,7,7,443.85,47.87,21.9,98
8/25/2023 9:14:56 PM,7,7,439.78,46.92,21.8,98
8/25/2023 9:13:56 PM,8,9,445.66,46,21.8,98
8/25/2023 9:12:56 PM,7,7,447.02,45.06,21.9,98
8/25/2023 9:11:58 PM,6,6,443.2,46.68,21.9,98
8/25/2023 9:10:02 PM,7,7,449.84,45.58,21.9,98
8/25/2023 9:09:14 PM,6,6,451.07,46.3,21.9,98
8/25/2023 9:07:45 PM,6,6,447.87,47.09,21.9,99
8/25/2023 9:06:46 PM,7,7,445.26,45.82,21.9,99
8/25/2023 9:05:44 PM,8,9,446.15,46.49,21.9,99
8/25/2023 9:04:45 PM,6,7,446.94,47.9,21.9,99
8/25/2023 9:03:51 PM,8,9,445.62,48.71,21.9,99
8/25/2023 9:02:51 PM,5,5,452.58,47.34,21.9,99
8/25/2023 9:01:45 PM,8,9,452.32,47.26,21.8,99
8/25/2023 9:00:45 PM,6,6,452.63,46.64,21.8,99
8/25/2023 8:59:45 PM,7,7,447.36,46.82,21.8,99
8/25/2023 8:58:58 PM,7,7,445.95,47.62,21.8,99
8/25/2023 8:57:45 PM,7,7,445.57,47.99,21.9,99
8/25/2023 8:56:56 PM,6,6,445.17,49.06,21.9,99
8/25/2023 8:55:37 PM,6,6,444.57,48.05,21.8,99
8/25/2023 8:54:55 PM,6,6,441.59,46.71,21.8,99
8/25/2023 8:53:41 PM,7,7,441.92,48.16,21.7,99
8/25/2023 8:52:37 PM,7,7,443.62,49.82,21.8,99
8/25/2023 8:51:46 PM,5,5,446.48,48.54,21.8,99
8/25/2023 8:50:39 PM,6,6,440.48,48.54,21.7,99
8/25/2023 8:49:36 PM,6,6,438.5,49.66,21.8,99
8/25/2023 8:48:55 PM,6,6,441.75,47.64,21.8,99
8/25/2023 8:47:55 PM,7,7,439.61,47.55,21.8,99
8/25/2023 8:46:22 PM,6,6,441.23,46.23,21.8,99
8/25/2023 8:45:23 PM,4,4,437.56,48.91,21.8,99
8/25/2023 8:44:12 PM,6,6,438.68,46.54,21.8,99
8/25/2023 8:43:10 PM,5,5,436.87,48.59,21.8,99
8/25/2023 8:42:07 PM,4,4,440.11,49.06,21.8,99
8/25/2023 8:41:13 PM,6,6,447.22,46.68,21.8,99
8/25/2023 8:40:15 PM,6,6,444.86,46.72,21.8,99
8/25/2023 8:39:08 PM,6,6,441.52,46.03,21.8,99
8/25/2023 8:38:07 PM,8,9,441.05,46.46,21.7,99
8/25/2023 8:37:14 PM,5,5,439.07,47.01,21.8,99
8/25/2023 8:36:07 PM,6,6,441.14,46.99,21.7,99
8/25/2023 8:35:07 PM,5,5,447.14,46.49,21.7,99
8/25/2023 8:34:17 PM,5,5,450.65,46.27,21.8,99
8/25/2023 8:33:08 PM,5,6,455.36,47.92,21.8,99
8/25/2023 8:32:07 PM,3,3,458.6,48.56,21.9,99
8/25/2023 8:31:07 PM,5,5,458.54,47.73,21.8,99
8/25/2023 8:30:12 PM,4,4,455.55,47.44,21.9,99
8/25/2023 8:29:08 PM,5,5,456.63,46.72,21.8,99
8/25/2023 8:28:16 PM,6,6,458.48,45.81,21.8,99
8/25/2023 8:27:13 PM,6,6,456,46.82,21.8,99
8/25/2023 8:26:25 PM,4,4,454.98,47.26,21.9,99
8/25/2023 8:24:27 PM,7,7,454.72,49.68,21.9,98
8/25/2023 8:23:29 PM,6,6,452.58,46.36,21.9,98
8/25/2023 8:22:28 PM,4,4,452.77,46.86,21.9,98
8/25/2023 8:21:46 PM,6,6,452.83,46.46,21.9,98
8/25/2023 8:20:05 PM,8,9,455.88,44.94,21.9,98
8/25/2023 8:19:06 PM,5,5,454.95,46.67,21.8,98
8/25/2023 8:18:06 PM,7,7,452.24,48.42,21.9,98
8/25/2023 8:17:06 PM,6,6,447.62,50.8,21.9,98
8/25/2023 8:16:10 PM,6,8,445.53,52.58,21.8,98
8/25/2023 8:15:06 PM,6,6,447.69,50.62,21.8,98
8/25/2023 8:14:06 PM,7,7,447.03,49.91,21.8,98
8/25/2023 8:13:19 PM,6,6,445.41,49.32,21.9,98
8/25/2023 8:11:01 PM,6,6,439.96,55.03,21.9,98
8/25/2023 8:09:59 PM,7,7,435.69,57.86,21.8,98
8/25/2023 8:08:03 PM,7,7,455.26,45.09,21.9,98
8/25/2023 8:06:58 PM,7,7,456.21,44.15,21.9,98
8/25/2023 8:05:49 PM,5,5,456.03,43.36,21.9,98
8/25/2023 8:04:34 PM,8,9,456.06,42.1,21.9,98
8/25/2023 8:03:15 PM,6,6,454.76,43.66,21.9,98
8/25/2023 8:02:17 PM,6,6,452.78,47.22,21.9,98
8/25/2023 8:01:14 PM,5,5,451.83,48.63,21.9,98
8/25/2023 8:00:16 PM,5,5,453.82,47.16,21.9,98
8/25/2023 7:59:15 PM,7,7,458.58,50,21.9,98
8/25/2023 7:58:29 PM,7,7,456.37,53.69,21.9,98
8/25/2023 7:57:17 PM,6,6,458.89,57.77,21.9,98
8/25/2023 7:56:15 PM,5,5,460.58,57.92,21.9,97
8/25/2023 7:55:14 PM,8,9,460.82,53.22,21.9,98
8/25/2023 7:54:33 PM,7,8,459.49,48.03,21.9,97
8/25/2023 7:53:20 PM,8,9,456.9,47.21,21.9,97
8/25/2023 7:52:16 PM,7,7,455.84,45.16,21.9,98
8/25/2023 7:51:18 PM,6,7,453.64,45.67,22,97
8/25/2023 7:50:08 PM,7,8,455.82,45.26,21.9,98
8/25/2023 7:49:17 PM,8,9,458.16,46.13,21.9,98
8/25/2023 7:48:08 PM,6,6,452.08,46.47,21.9,97
8/25/2023 7:47:08 PM,7,7,452.67,47.54,21.9,97
8/25/2023 7:46:14 PM,6,6,458.5,47.37,21.9,97
8/25/2023 7:45:08 PM,6,6,461.5,49.13,22,97
8/25/2023 7:44:25 PM,6,6,461.95,49.63,22,97
8/25/2023 7:43:01 PM,5,5,460.15,49.85,22,97
8/25/2023 7:42:07 PM,6,6,456.62,47.14,22,97
8/25/2023 7:40:06 PM,7,7,453.56,48.97,21.9,97
8/25/2023 7:39:19 PM,7,7,458.11,48.66,22,97
8/25/2023 7:37:55 PM,6,6,464.06,46.38,22,97
8/25/2023 7:36:55 PM,5,5,459.68,46.81,22,97
8/25/2023 7:35:49 PM,6,6,456.4,46.66,22,97
8/25/2023 7:34:48 PM,6,6,449.54,46.49,22,97
8/25/2023 7:33:40 PM,7,7,444.5,44.22,22,97
8/25/2023 7:32:38 PM,6,6,436.25,42.37,22,97
8/25/2023 7:31:52 PM,6,6,452.45,46.85,22,97
8/25/2023 7:30:51 PM,6,6,450.38,48.36,22,97
8/25/2023 7:29:50 PM,8,9,454.38,49.99,22,97
8/25/2023 7:28:50 PM,6,6,453.15,55.39,22,97
8/25/2023 7:27:52 PM,5,5,459.05,60.26,22,97
8/25/2023 7:26:58 PM,7,7,463.61,67.61,22,97
8/25/2023 7:25:56 PM,6,6,466.33,60.03,22,97
8/25/2023 7:24:58 PM,6,6,464.41,49.79,22,97
8/25/2023 7:23:56 PM,7,8,465.03,52.66,22,97
8/25/2023 7:22:51 PM,9,10,467.42,42.47,22,97
8/25/2023 7:21:52 PM,10,11,470.48,42.28,22,97
8/25/2023 7:20:58 PM,8,9,470.05,43.23,22,97
8/25/2023 7:19:06 PM,9,10,462.07,48.28,22,97
8/25/2023 7:17:51 PM,9,10,460.42,48.09,22,96
8/25/2023 7:16:56 PM,8,9,467.77,44.41,22,96
8/25/2023 7:15:54 PM,9,10,471.58,43.69,22,96
8/25/2023 7:14:51 PM,8,9,471.33,44.29,22,96
8/25/2023 7:13:51 PM,9,10,471.31,44.77,22.1,96
8/25/2023 7:12:50 PM,7,7,469.78,45.33,22.1,96
8/25/2023 7:11:57 PM,8,9,470.54,46.74,22,96
8/25/2023 7:10:10 PM,7,7,466.16,46.75,22,96
8/25/2023 7:09:02 PM,10,11,469.85,45.85,22,96
8/25/2023 7:07:42 PM,5,5,469.8,45.77,22.1,96
8/25/2023 7:06:43 PM,7,8,470.82,45.97,22,96
8/25/2023 7:05:43 PM,6,6,468.95,45.07,22.1,96
8/25/2023 7:04:43 PM,7,7,468.44,45.52,22,96
8/25/2023 7:03:42 PM,8,9,468.11,47.72,22.1,96
8/25/2023 7:02:47 PM,6,6,465.75,48.11,22.1,95
8/25/2023 7:01:43 PM,6,6,467.23,47.03,22.1,95
8/25/2023 7:00:43 PM,7,7,472.94,45.89,22,95
8/25/2023 6:59:39 PM,8,9,478.87,45.78,22.1,95
8/25/2023 6:58:27 PM,8,9,484.51,46.41,22.1,95
8/25/2023 6:57:20 PM,9,10,490.05,45.27,22,95
8/25/2023 6:56:18 PM,9,10,491.68,43.52,22,95
8/25/2023 6:54:58 PM,10,11,485.36,41.08,22,95
8/25/2023 6:53:58 PM,8,9,479.91,40.79,22,95
8/25/2023 6:52:04 PM,7,7,475.71,44.34,22.1,95
8/25/2023 6:50:53 PM,9,10,472.85,44.44,22,96
8/25/2023 6:49:53 PM,11,12,470.25,46.28,22,95
8/25/2023 6:48:53 PM,13,14,470.09,47.72,22,95
8/25/2023 6:47:54 PM,13,14,467.34,46.72,22,95
8/25/2023 6:46:52 PM,12,13,464.2,47.4,22,95
8/25/2023 6:45:51 PM,12,13,466.46,46.3,22,96
8/25/2023 6:44:53 PM,11,12,477.41,45.47,22,96
8/25/2023 6:43:52 PM,10,12,475.11,46.71,22,95
8/25/2023 6:42:51 PM,12,13,476.73,49.11,22,95
8/25/2023 6:41:53 PM,11,12,480.7,45.81,22,95
8/25/2023 6:40:53 PM,12,13,481.57,43.28,22,95
8/25/2023 6:39:54 PM,11,12,479.43,42.56,22.1,95
8/25/2023 6:38:52 PM,11,12,482.54,43.09,22.1,95
8/25/2023 6:37:52 PM,10,11,482.26,42.59,22.2,95
8/25/2023 6:36:52 PM,13,14,479.02,41.67,22.1,95
8/25/2023 6:35:51 PM,14,15,480.8,43.05,22.1,95
8/25/2023 6:34:53 PM,10,11,482.02,42.83,22.1,95
8/25/2023 6:33:59 PM,12,13,480.47,42.22,22.1,94
8/25/2023 6:32:03 PM,11,12,484.5,41.68,22.2,95
8/25/2023 6:30:51 PM,11,12,485.53,43.25,22.2,94
8/25/2023 6:29:54 PM,11,12,490.26,43.86,22.2,94
8/25/2023 6:28:55 PM,13,15,493.22,44.71,22.2,94
8/25/2023 6:27:54 PM,10,11,493.04,45.8,22.2,94
8/25/2023 6:26:52 PM,9,10,494.2,46.05,22.3,94
8/25/2023 6:25:52 PM,9,10,494.2,48.29,22.3,94
8/25/2023 6:24:58 PM,11,12,493.83,50.35,22.3,94
8/25/2023 6:23:52 PM,9,10,495.77,40.8,22.3,94
8/25/2023 6:22:51 PM,9,10,495.24,41.58,22.3,94
8/25/2023 6:21:55 PM,9,10,491.31,44.21,22.3,94
8/25/2023 6:20:51 PM,9,10,493.4,47.21,22.3,94
8/25/2023 6:19:52 PM,8,9,496.86,46.78,22.4,94
8/25/2023 6:18:18 PM,8,9,491.19,41.44,22.4,94
8/25/2023 6:17:21 PM,8,9,494.13,42.39,22.5,94
8/25/2023 6:16:18 PM,8,9,493.31,41.75,22.5,94
8/25/2023 6:15:18 PM,9,10,494.63,41.85,22.4,94
8/25/2023 6:14:23 PM,9,10,497.94,41.67,22.4,94
8/25/2023 6:13:19 PM,13,14,505.12,41.48,22.5,93
8/25/2023 6:12:24 PM,10,11,506.78,40.46,22.5,94
8/25/2023 6:11:19 PM,9,10,507.48,40.36,22.5,93
8/25/2023 6:10:19 PM,9,10,504.44,40.52,22.5,93
8/25/2023 6:09:18 PM,11,12,500.58,39.6,22.5,93
8/25/2023 6:08:17 PM,11,12,500.57,40.75,22.4,93
8/25/2023 6:07:18 PM,9,10,503.01,42.12,22.5,93
8/25/2023 6:06:30 PM,8,9,505.38,43.4,22.5,93
8/25/2023 6:05:18 PM,8,9,508.03,42.25,22.5,93
8/25/2023 6:04:20 PM,6,6,509.74,42.62,22.6,92
8/25/2023 6:03:18 PM,7,7,507.03,39.32,22.7,93
8/25/2023 6:02:18 PM,10,11,507.74,37.51,22.6,92
8/25/2023 6:01:19 PM,8,9,509.84,37.76,22.7,92
8/25/2023 6:00:25 PM,8,9,512.86,38.69,22.7,92
8/25/2023 5:59:21 PM,8,9,510.3,38.79,22.6,92
8/25/2023 5:58:18 PM,9,10,511.81,39.63,22.7,92
8/25/2023 5:57:17 PM,9,10,520.94,40.99,22.7,92
8/25/2023 5:56:18 PM,7,7,523.35,41.44,22.7,92
8/25/2023 5:55:18 PM,8,9,520.86,42.54,22.7,92
8/25/2023 5:54:21 PM,8,9,520.56,39.1,22.7,92
8/25/2023 5:53:12 PM,7,7,520.75,38.91,22.8,92
8/25/2023 5:52:10 PM,7,7,519.37,41.17,22.9,92
8/25/2023 5:51:09 PM,7,7,524.65,45.22,22.9,92
8/25/2023 5:50:28 PM,7,7,526.01,48.99,22.8,91
8/25/2023 5:49:03 PM,7,8,526.95,52.89,23,91
8/25/2023 5:48:01 PM,5,5,527.96,55,23,92
8/25/2023 5:46:56 PM,7,7,528.92,50.34,23,91
8/25/2023 5:45:29 PM,9,10,529.78,50.57,23,91
8/25/2023 5:44:26 PM,8,9,530.76,39.36,23,91
8/25/2023 5:43:26 PM,8,9,536.06,37.76,23,91
8/25/2023 5:41:59 PM,8,9,534.21,40.5,23.1,90
8/25/2023 5:40:00 PM,8,9,536,40.12,23.2,89
8/25/2023 5:38:05 PM,7,7,538.7,40.83,23.3,89
8/25/2023 5:37:00 PM,6,6,544.17,41.84,23.3,89
8/25/2023 5:35:00 PM,7,7,539.36,42.02,23.4,89
8/25/2023 5:33:57 PM,5,5,544.91,40.37,23.5,89
8/25/2023 5:32:57 PM,5,5,544.41,40.48,23.6,89
8/25/2023 5:31:58 PM,6,6,540.69,41.85,23.7,88
8/25/2023 5:30:56 PM,5,5,544.08,43.72,23.7,88
8/25/2023 5:29:58 PM,8,9,544.84,46.52,23.8,88
8/25/2023 5:28:57 PM,8,9,542.48,49.17,23.9,88
8/25/2023 5:27:57 PM,10,11,540.21,42.09,23.9,88
8/25/2023 5:26:56 PM,8,9,542.47,39.98,24,88
8/25/2023 5:25:58 PM,6,6,545.03,40.24,24.1,88
8/25/2023 5:24:02 PM,9,10,542.94,43.19,24.2,87
8/25/2023 5:22:59 PM,6,7,540.31,41.05,24.3,87
8/25/2023 5:21:57 PM,8,10,540.59,42.13,24.4,87
8/25/2023 5:20:57 PM,7,7,544.12,42.27,24.5,87
8/25/2023 5:19:00 PM,7,7,547.11,41.89,24.9,86
8/25/2023 5:17:56 PM,6,6,553.82,41.1,25,86
8/25/2023 5:16:57 PM,7,7,550.19,41.1,25.1,85
8/25/2023 5:15:56 PM,7,7,548.13,41.26,25.3,85
8/25/2023 5:14:57 PM,5,5,547.22,41.86,25.4,85
8/25/2023 5:13:57 PM,5,5,544.44,42.83,25.4,85
8/25/2023 5:12:56 PM,5,5,542.74,43.67,25.5,85
8/25/2023 5:11:56 PM,6,6,548.24,46.39,25.6,84
8/25/2023 5:10:56 PM,6,6,553.02,41.29,25.7,84
8/25/2023 5:09:59 PM,6,6,552.53,40.08,25.7,84
8/25/2023 5:08:57 PM,4,4,565.09,40.01,25.9,84
8/25/2023 5:06:56 PM,6,6,605.12,38.78,26,83
8/25/2023 5:05:27 PM,5,5,554.86,41.33,26.2,82
8/25/2023 5:04:25 PM,7,7,559.3,40.42,26.2,81
8/25/2023 5:03:31 PM,6,6,565.54,36.83,26.1,82
8/25/2023 5:02:24 PM,6,6,567.19,36.22,26.1,82
8/25/2023 5:01:25 PM,8,10,561.82,38.76,26.1,83
8/25/2023 5:00:21 PM,6,6,563.62,39.77,26,83
8/25/2023 4:59:13 PM,7,7,567.4,41.93,25.9,83
8/25/2023 4:58:18 PM,7,7,566.33,47.48,25.8,84
8/25/2023 4:57:17 PM,7,7,563.53,51.21,25.8,84
8/25/2023 4:56:11 PM,6,6,560.49,44.39,25.7,84
8/25/2023 4:55:12 PM,7,7,558.27,40.83,25.6,84
8/25/2023 4:54:12 PM,7,8,555.89,38.41,25.6,84
8/25/2023 4:53:15 PM,5,5,557.23,40.12,25.7,84
8/25/2023 4:52:13 PM,5,5,554.42,39.62,25.7,84
8/25/2023 4:51:11 PM,5,5,558.15,40.44,25.8,83
8/25/2023 4:50:22 PM,6,6,560.68,40.23,25.8,83
8/25/2023 4:48:55 PM,6,6,565.6,39.79,25.9,83
8/25/2023 4:47:37 PM,5,5,567.66,39.89,26,83
8/25/2023 4:46:25 PM,6,7,569.73,40.38,26.1,82
8/25/2023 4:45:27 PM,4,4,568.96,40.91,26.2,81
8/25/2023 4:44:25 PM,6,6,568.6,40.81,26.4,80
8/25/2023 4:43:25 PM,5,6,568.44,42.94,26.5,79
8/25/2023 4:42:26 PM,8,9,569.79,47.62,26.5,79
8/25/2023 4:41:26 PM,5,5,569.64,51.11,26.5,79
8/25/2023 4:40:32 PM,7,7,569.33,48.41,26.5,79
8/25/2023 4:39:26 PM,6,6,570.3,39.55,26.5,79
8/25/2023 4:38:28 PM,8,9,574.96,38.52,26.5,79
8/25/2023 4:37:26 PM,7,7,573.98,39.38,26.5,80
8/25/2023 4:36:27 PM,5,5,575.43,40.2,26.4,80
8/25/2023 4:35:26 PM,6,6,575.76,40.29,26.4,80
8/25/2023 4:34:27 PM,6,6,575.77,41.4,26.4,80
8/25/2023 4:33:27 PM,5,5,579.26,43.69,26.5,80
8/25/2023 4:32:26 PM,5,5,582.11,46.09,26.6,79
8/25/2023 4:31:29 PM,7,7,583.45,45.01,26.7,79
8/25/2023 4:30:26 PM,5,5,584.54,45.98,26.7,79
8/25/2023 4:29:17 PM,5,5,572.4,41.11,27,78
8/25/2023 4:27:58 PM,6,7,571.31,40.45,27.2,78
8/25/2023 4:26:17 PM,5,5,572.09,41.36,27.4,78
8/25/2023 4:24:57 PM,5,5,573.23,40.74,27.6,77
8/25/2023 4:23:52 PM,5,5,567.86,39.32,27.7,77
8/25/2023 4:22:54 PM,6,6,560.8,39.26,27.8,77
8/25/2023 4:21:51 PM,6,7,561.2,39.42,27.9,77
8/25/2023 4:20:51 PM,5,5,561.14,39.63,27.9,77
8/25/2023 4:19:56 PM,4,4,554.79,40.03,28,77
8/25/2023 4:18:51 PM,6,6,561.09,38.37,28.1,77
8/25/2023 4:17:51 PM,6,6,565.1,38.81,28.1,77
8/25/2023 4:16:52 PM,5,5,561.75,38.35,28,77
8/25/2023 4:15:52 PM,6,6,556.09,38,28.1,76
8/25/2023 4:14:52 PM,5,5,556.98,39.12,28.2,76
8/25/2023 4:13:52 PM,6,6,559.86,41.02,28.2,77
8/25/2023 4:12:54 PM,5,5,563.28,41.07,28.1,77
8/25/2023 4:11:51 PM,7,8,565.39,43.53,28,77
8/25/2023 4:10:58 PM,7,7,564.99,45.03,28,77
8/25/2023 4:09:52 PM,8,9,567.18,45.08,27.9,77
8/25/2023 4:08:52 PM,6,6,566.1,39.56,27.9,77
8/25/2023 4:07:53 PM,6,6,565.7,39.76,27.9,77
8/25/2023 4:06:53 PM,7,7,564.07,41.45,28.1,77
8/25/2023 4:05:55 PM,6,6,564.3,43.6,28.1,77
8/25/2023 4:04:52 PM,7,7,562.11,43.24,28.1,77
8/25/2023 4:03:51 PM,7,8,560.45,42.53,28.1,77
8/25/2023 4:01:38 PM,5,5,557.33,41.22,27.9,77
8/25/2023 4:00:04 PM,6,6,551.09,38.69,27.9,77
8/25/2023 3:58:55 PM,6,6,550.92,39.73,27.8,77
8/25/2023 3:57:55 PM,4,4,552.05,40.54,27.8,77
8/25/2023 3:56:55 PM,5,5,558.68,37.62,27.8,77
8/25/2023 3:55:53 PM,5,5,557.95,37.43,27.8,77
8/25/2023 3:54:06 PM,9,10,559.41,31.51,27.8,77
8/25/2023 3:53:03 PM,7,7,556.62,43.17,27.7,77
8/25/2023 3:51:55 PM,6,6,558.69,42.84,27.7,77
8/25/2023 3:50:56 PM,6,7,557.21,43.71,27.7,77
8/25/2023 3:49:56 PM,7,7,556.44,41.12,27.7,77
8/25/2023 3:48:54 PM,6,6,554.78,41.64,27.6,77
8/25/2023 3:47:40 PM,8,9,553.43,41.88,27.7,77
8/25/2023 3:46:39 PM,7,7,553.55,41.34,27.6,78
8/25/2023 3:45:44 PM,8,9,556.28,42.6,27.7,77
8/25/2023 3:44:37 PM,9,10,561.24,43.32,27.7,77
8/25/2023 3:43:37 PM,8,9,564.45,43.7,27.8,77
8/25/2023 3:42:56 PM,7,7,564.23,43.68,27.9,77
8/25/2023 3:41:37 PM,5,5,567.34,43.94,28,77
8/25/2023 3:40:36 PM,5,5,567.83,43.97,28.1,77
8/25/2023 3:39:39 PM,7,7,564.41,42.64,28.2,77
8/25/2023 3:38:26 PM,6,6,559.4,42.91,28.2,76
8/25/2023 3:37:28 PM,7,7,557.37,42.5,28.3,77
8/25/2023 3:36:27 PM,7,7,550.94,42.52,28.2,77
8/25/2023 3:35:27 PM,8,9,550.92,42.45,28.2,77
8/25/2023 3:34:28 PM,8,9,550.84,41.82,28.2,77
8/25/2023 3:33:27 PM,7,7,552.14,41.7,28.3,76
8/25/2023 3:32:27 PM,6,6,551.66,42.22,28.2,76
8/25/2023 3:31:30 PM,8,9,546.7,41.78,28.2,76
8/25/2023 3:30:27 PM,7,8,549.63,42.1,28.4,76
8/25/2023 3:29:30 PM,5,5,550.58,42.3,28.5,76
8/25/2023 3:28:30 PM,7,7,548.93,42.92,28.7,76
8/25/2023 3:27:27 PM,6,6,548.5,41.96,28.9,76
8/25/2023 3:26:28 PM,7,8,549.24,40.86,29,76
8/25/2023 3:25:45 PM,6,6,548.85,43.01,29,76
8/25/2023 3:24:27 PM,8,9,548.09,47.96,29,76
8/25/2023 3:23:26 PM,9,10,544.84,49.71,29.1,75
8/25/2023 3:22:26 PM,7,7,547.1,41.44,29.2,75
8/25/2023 3:21:26 PM,7,7,549.52,38.83,29.2,75
8/25/2023 3:20:27 PM,7,7,549.58,39.81,29.2,75
8/25/2023 3:19:28 PM,9,10,553.41,40.95,29.3,75
8/25/2023 3:18:30 PM,7,7,559.85,39.62,29.2,75
8/25/2023 3:17:27 PM,7,7,566.96,40.9,29.3,75
8/25/2023 3:15:55 PM,7,7,543.11,41.6,29.2,75
8/25/2023 3:13:13 PM,6,6,545.41,37.79,29.4,75
8/25/2023 3:11:55 PM,8,9,544.6,37.94,29.4,75
8/25/2023 3:10:54 PM,7,7,541.82,41,29.4,75
8/25/2023 3:09:54 PM,7,7,540.6,41.49,29.3,75
8/25/2023 3:07:54 PM,8,10,543.84,38.56,29,76
8/25/2023 3:06:55 PM,8,9,542.81,38.97,28.8,77
8/25/2023 3:05:53 PM,7,7,545.35,38.23,28.4,77
8/25/2023 3:04:55 PM,7,7,547.58,38.73,28.1,78
8/25/2023 3:03:53 PM,8,9,551.18,39.8,27.6,78
8/25/2023 3:02:54 PM,6,6,550.86,40.5,27.2,79
8/25/2023 3:01:55 PM,8,9,548.14,40.68,27,80
8/25/2023 3:00:58 PM,6,6,549.56,39.47,26.6,81
8/25/2023 2:59:57 PM,8,9,549.3,39.4,26.2,82
8/25/2023 2:58:53 PM,7,7,554.66,39.45,25.9,84
8/25/2023 2:57:54 PM,5,5,551.2,39.79,25.8,84
8/25/2023 2:56:55 PM,6,6,546.94,40.45,25.8,84
8/25/2023 2:55:07 PM,7,7,552.17,42.69,25.7,84
8/25/2023 2:53:11 PM,7,7,545.01,44.28,25.7,84
8/25/2023 2:51:04 PM,5,5,542.59,42.1,25.8,84
8/25/2023 2:49:56 PM,5,5,543.83,41.89,25.8,84
8/25/2023 2:48:54 PM,7,7,545.63,40.32,25.9,83
8/25/2023 2:47:55 PM,5,5,543.18,40.08,26,83
8/25/2023 2:46:53 PM,4,4,554.13,40.49,26.1,82
8/25/2023 2:45:54 PM,6,6,551.13,40.89,26.1,82
8/25/2023 2:44:53 PM,5,5,551.7,41.11,26.1,81
8/25/2023 2:43:53 PM,7,8,545.29,40.89,26.2,81
8/25/2023 2:42:55 PM,6,6,542.38,38.87,26.2,81
8/25/2023 2:41:53 PM,6,6,546.64,33.95,26.3,80
8/25/2023 2:40:53 PM,8,9,541.44,29.79,26.4,81
8/25/2023 2:39:40 PM,7,7,546.14,42.75,26.4,80
8/25/2023 2:38:34 PM,6,6,538.57,44.18,26.4,80
8/25/2023 2:37:36 PM,8,9,549.46,41.21,26.5,80
8/25/2023 2:36:44 PM,6,6,553.19,41.64,26.5,80
8/25/2023 2:35:36 PM,6,6,557.62,41.97,26.6,79
8/25/2023 2:34:46 PM,8,9,559.44,42.15,26.7,79
8/25/2023 2:33:36 PM,6,6,555.28,42.69,26.8,79
8/25/2023 2:32:36 PM,6,6,553.74,40.07,26.8,79
8/25/2023 2:31:34 PM,6,6,557.81,40.03,26.9,79
8/25/2023 2:30:33 PM,6,6,557.95,40.48,27,78
8/25/2023 2:29:34 PM,7,7,553.93,39.09,27.1,78
8/25/2023 2:28:38 PM,5,5,555.8,39.08,27.2,78
8/25/2023 2:27:33 PM,6,7,553.26,40.64,27.4,78
8/25/2023 2:26:34 PM,6,6,556.91,38.7,27.5,77
8/25/2023 2:25:33 PM,6,6,554.42,39.47,27.7,77
8/25/2023 2:24:34 PM,5,5,553.58,40.8,27.9,77
8/25/2023 2:23:29 PM,6,6,550.8,41.51,28.1,77
8/25/2023 2:22:28 PM,8,9,545.04,41.09,28.3,77
8/25/2023 2:21:25 PM,5,5,538.44,42.79,28.4,76
8/25/2023 2:20:24 PM,5,5,539.82,42.58,28.6,76
8/25/2023 2:19:25 PM,7,7,553.07,40.92,28.8,76
8/25/2023 2:18:27 PM,7,7,557.27,40.51,28.9,76
8/25/2023 2:17:26 PM,9,10,556.59,40.82,28.7,76
8/25/2023 2:16:25 PM,6,6,556.46,40.6,28.8,76
8/25/2023 2:15:25 PM,5,5,561.44,39.31,29,75
8/25/2023 2:14:27 PM,5,5,555.79,38.85,29.4,74
8/25/2023 2:13:29 PM,7,7,554.67,40.39,29.6,74
8/25/2023 2:12:25 PM,6,6,557.71,40.56,29.5,75
8/25/2023 2:11:25 PM,6,6,557.67,40.86,29.2,75
8/25/2023 2:10:25 PM,6,6,555.51,39.75,28.9,76
8/25/2023 2:09:26 PM,5,5,560.17,39.33,28.5,77
8/25/2023 2:08:43 PM,8,9,561.02,39.53,28.4,77
8/25/2023 2:07:27 PM,6,6,559.19,39.22,28.1,77
8/25/2023 2:06:26 PM,6,6,549.16,39.36,27.9,78
8/25/2023 2:05:25 PM,6,6,545.55,38.34,27.5,78
8/25/2023 2:04:24 PM,6,6,535.09,39.45,27.2,78
8/25/2023 2:03:13 PM,7,7,562.6,41.64,27,79
8/25/2023 2:02:21 PM,6,6,562.41,42.68,27,79
8/25/2023 2:01:17 PM,8,9,564.1,42.74,27.1,78
8/25/2023 2:00:14 PM,5,5,567.52,42.71,27.1,79
8/25/2023 1:59:42 PM,6,6,569.03,42.33,26.9,79
8/25/2023 1:58:01 PM,6,6,570.28,42.61,27,79
8/25/2023 1:56:02 PM,5,5,570.09,41.96,27,79
8/25/2023 1:55:06 PM,6,6,574.55,41.77,26.9,79
8/25/2023 1:54:01 PM,7,7,576.9,41.91,27,79
8/25/2023 1:53:00 PM,6,6,571.11,41.21,27,79
8/25/2023 1:52:01 PM,7,8,566.01,41.81,27.1,79
8/25/2023 1:51:01 PM,8,9,562.87,43.05,27,79
8/25/2023 1:50:04 PM,7,7,566,43.39,27,79
8/25/2023 1:49:11 PM,7,9,566.27,42.28,27,79
8/25/2023 1:48:07 PM,5,5,565.57,40.64,27.1,78
8/25/2023 1:46:19 PM,6,6,564.74,41.38,27.2,78
8/25/2023 1:44:54 PM,9,10,564.81,41.43,27.4,78
8/25/2023 1:43:52 PM,6,6,568.02,40.87,27.4,78
8/25/2023 1:42:06 PM,7,8,570.47,39.77,27.5,78
8/25/2023 1:40:54 PM,7,7,568.07,40.09,27.5,78
8/25/2023 1:39:53 PM,6,6,563.06,41.63,27.4,78
8/25/2023 1:38:53 PM,6,6,561.71,41.88,27.1,78
8/25/2023 1:37:55 PM,6,7,566.32,40.94,27,79
8/25/2023 1:36:52 PM,8,9,565.36,41.71,26.8,79
8/25/2023 1:35:57 PM,7,7,574.1,40.4,26.8,79
8/25/2023 1:34:51 PM,5,5,578.34,39.81,27,78
8/25/2023 1:33:55 PM,7,8,581.64,40.11,27.2,78
8/25/2023 1:32:03 PM,7,7,568.86,39.12,27.4,78
8/25/2023 1:30:53 PM,6,6,559.85,39.17,27.5,78
8/25/2023 1:29:52 PM,9,10,548.09,39.82,27.6,78
8/25/2023 1:28:52 PM,6,6,535.8,39.36,27.7,77
8/25/2023 1:27:53 PM,6,6,522.55,38.97,28,77
8/25/2023 1:26:25 PM,10,11,571.95,41.39,28.2,77
8/25/2023 1:25:21 PM,8,9,571.36,41.4,28.3,76
8/25/2023 1:24:21 PM,9,10,571.52,40.28,28.2,77
8/25/2023 1:23:21 PM,10,12,572.22,40.25,28.2,77
8/25/2023 1:22:21 PM,6,6,571.33,40.78,28.1,76
8/25/2023 1:21:21 PM,6,6,573.58,40.21,28.3,76
8/25/2023 1:20:21 PM,8,9,576.18,39.4,28.5,76
8/25/2023 1:19:20 PM,5,5,580.93,38.82,28.7,75
8/25/2023 1:18:20 PM,8,9,576.06,39.31,28.5,76
8/25/2023 1:17:22 PM,9,10,568.03,39.63,28.3,77
8/25/2023 1:16:22 PM,10,11,568.49,39.9,27.8,77
8/25/2023 1:15:21 PM,7,7,567.5,40.88,27.7,77
8/25/2023 1:14:23 PM,7,7,571.67,41.55,27.6,78
8/25/2023 1:13:21 PM,7,7,575.71,41.3,27.3,78
8/25/2023 1:12:22 PM,7,7,575.12,41.47,27.4,78
8/25/2023 1:11:33 PM,9,10,573.48,42.36,27.5,78
8/25/2023 1:10:20 PM,8,9,571.25,42.14,27.5,78
8/25/2023 1:09:27 PM,8,9,572.69,40.46,27.5,78
8/25/2023 1:08:21 PM,8,9,569.99,39.15,27.6,78
8/25/2023 1:07:22 PM,9,10,574.53,38.92,27.6,78
8/25/2023 1:06:22 PM,9,10,575.76,39.47,27.7,78
8/25/2023 1:05:23 PM,8,9,575.34,39.31,27.7,78
8/25/2023 1:04:21 PM,8,9,571.89,40.05,27.7,78
8/25/2023 1:03:21 PM,10,11,567.25,40.98,27.7,77
8/25/2023 1:02:20 PM,9,10,560.11,42.51,27.8,78
8/25/2023 1:01:21 PM,9,10,559.23,44.25,27.8,78
8/25/2023 1:00:20 PM,9,10,567.56,43.38,27.7,78
8/25/2023 12:59:28 PM,9,10,570.55,43.69,27.8,77
8/25/2023 12:58:23 PM,8,9,574.68,43.21,27.9,77
8/25/2023 12:57:21 PM,8,9,573.38,42.41,28,77
8/25/2023 12:56:21 PM,9,10,571.85,41.76,28,77
8/25/2023 12:55:21 PM,10,11,572.3,41.42,28,77
8/25/2023 12:54:20 PM,8,9,572.99,40.44,28,77
8/25/2023 12:53:24 PM,9,10,575.52,40.09,28.1,77
8/25/2023 12:52:22 PM,8,9,578.34,41.15,28.2,76
8/25/2023 12:51:21 PM,11,12,583.15,41.93,28.2,77
8/25/2023 12:50:09 PM,8,9,576.94,40.56,28.5,76
8/25/2023 12:49:08 PM,12,13,578.42,41.37,28.7,76
8/25/2023 12:48:06 PM,11,12,575.96,42.47,29,75
8/25/2023 12:47:07 PM,11,12,576.26,42.83,29.2,74
8/25/2023 12:46:06 PM,14,15,574.26,42.45,29.5,74
8/25/2023 12:45:06 PM,9,10,573.82,42.31,29.8,74
8/25/2023 12:44:07 PM,10,11,572.06,42.15,30.1,73
8/25/2023 12:43:06 PM,9,10,572.86,41.95,30.4,72
8/25/2023 12:42:06 PM,9,10,571.67,41.17,30.7,72
8/25/2023 12:41:07 PM,11,12,571.29,40.54,30.7,73
8/25/2023 12:40:05 PM,11,12,573.16,42.47,30.7,72
8/25/2023 12:39:09 PM,10,11,568.72,46.35,30.5,72
8/25/2023 12:38:06 PM,9,10,568.67,51.25,0,0
8/25/2023 12:37:06 PM,11,12,566.27,57.08,0,0
8/25/2023 12:36:08 PM,11,12,561.3,51.35,0,0
8/25/2023 12:35:10 PM,11,12,561.85,42.62,0,0
8/25/2023 12:34:03 PM,10,11,558.1,43.73,0,0
8/25/2023 12:32:59 PM,10,11,557.52,44.54,0,0
8/25/2023 12:31:02 PM,11,12,559.12,43.21,0,0
8/25/2023 12:29:00 PM,9,10,555.89,42.35,0,0
8/25/2023 12:28:05 PM,7,7,555.76,41.98,0,0
8/25/2023 12:27:16 PM,10,11,556,40.57,0,0
8/25/2023 12:25:05 PM,11,12,553.12,40.57,0,0
8/25/2023 12:23:18 PM,12,13,554.32,42.59,0,0
8/25/2023 12:21:51 PM,12,13,551.67,43.88,0,0
8/25/2023 12:20:50 PM,11,12,550.75,43.06,0,0
8/25/2023 12:19:51 PM,12,13,548.71,42.84,0,0
8/25/2023 12:18:52 PM,11,12,550.37,43.3,0,0
8/25/2023 12:17:50 PM,12,13,551.32,44.71,0,0
8/25/2023 12:16:50 PM,11,12,550.93,45.83,0,0
8/25/2023 12:15:52 PM,11,12,556.04,45.52,0,0
8/25/2023 12:14:05 PM,11,12,546,42.44,0,0
8/25/2023 12:13:05 PM,11,12,542.67,43.28,0,0
8/25/2023 12:12:04 PM,9,10,542.86,43.71,0,0
8/25/2023 12:11:05 PM,12,13,544.38,43.67,0,0
8/25/2023 12:10:04 PM,11,12,541.79,43.84,0,0
8/25/2023 12:09:05 PM,9,10,542.51,43.45,0,0
8/25/2023 12:08:04 PM,9,10,540.74,42.26,0,0
8/25/2023 12:07:05 PM,9,10,540.05,41.94,0,0
8/25/2023 12:06:05 PM,9,10,536.34,42.23,0,0
8/25/2023 12:05:06 PM,12,13,539.57,42.01,0,0
8/25/2023 12:04:10 PM,10,11,537.42,41.74,0,0
8/25/2023 12:03:05 PM,11,12,533.71,41.45,0,0
8/25/2023 12:02:05 PM,10,11,528.16,43.03,0,0
8/25/2023 12:01:05 PM,10,11,527.53,42.88,0,0
8/25/2023 12:00:10 PM,11,12,525.48,43.39,0,0
8/25/2023 11:59:05 AM,13,14,528.88,41.83,0,0
8/25/2023 11:58:12 AM,10,11,528.87,41.01,0,0
8/25/2023 11:57:05 AM,11,12,534.22,40.98,0,0
8/25/2023 11:56:07 AM,12,13,535.11,41.65,0,0
8/25/2023 11:55:05 AM,13,14,536.15,41.85,0,0
8/25/2023 11:54:06 AM,13,14,537.46,42.86,0,0
8/25/2023 11:53:04 AM,13,14,537.19,42.45,0,0
8/25/2023 11:52:10 AM,12,13,537.97,42.62,0,0
8/25/2023 11:51:07 AM,14,15,538.32,43.37,0,0
8/25/2023 11:50:07 AM,14,15,537.17,43.08,0,0
8/25/2023 11:49:23 AM,16,18,532.69,42.72,0,0
8/25/2023 11:47:51 AM,14,15,528.48,43.21,0,0
8/25/2023 11:46:50 AM,14,15,526.25,43.77,0,0
8/25/2023 11:45:51 AM,14,16,525.82,44.24,0,0
8/25/2023 11:44:50 AM,15,17,526.56,43.52,0,0
8/25/2023 11:43:51 AM,17,19,526.33,41.18,0,0
8/25/2023 11:42:56 AM,15,17,525.55,41.4,0,0
8/25/2023 11:41:09 AM,14,16,531.29,40.55,0,0
8/25/2023 11:40:57 AM,15,17,531.42,40.28,0,0
8/25/2023 11:39:29 AM,18,20,536.53,38.54,0,0
8/25/2023 11:38:41 AM,1,0,497.61,0,0,0
8/25/2023 11:35:09 AM,4,0,542.68,0,0,0
8/25/2023 11:33:22 AM,14,15,484.18,44.13,0,0
8/25/2023 11:13:57 AM,11,12,504.58,40.97,0,0
8/25/2023 11:12:59 AM,13,14,503.08,40.55,0,0
8/25/2023 11:11:01 AM,13,14,505.73,39.52,0,0
8/25/2023 11:09:57 AM,10,11,506.88,39.65,0,0
8/25/2023 11:08:57 AM,12,13,502.45,39.57,0,0
8/25/2023 11:07:57 AM,13,14,499.79,41.18,0,0
8/25/2023 11:06:58 AM,14,15,496.58,40.16,0,0
8/25/2023 11:05:58 AM,15,17,500.06,41.66,0,0
8/25/2023 11:04:57 AM,14,15,503.8,44.02,0,0
8/25/2023 11:03:57 AM,16,18,496.79,47.43,0,0
8/25/2023 11:02:57 AM,16,18,494.65,51.17,0,0
8/25/2023 11:01:31 AM,15,17,497.78,294.41,0,0
8/25/2023 11:00:49 AM,14,15,495.3,375.94,0,0
8/25/2023 10:59:37 AM,17,19,495.59,375.41,0,0
8/25/2023 10:34:56 AM,15,17,492.64,43.38,0,0
8/25/2023 10:32:39 AM,13,14,494.53,43.39,0,0
8/25/2023 10:31:42 AM,16,18,491.43,42.64,0,0
8/25/2023 10:30:35 AM,16,18,492.85,43.89,0,0
8/25/2023 10:29:34 AM,14,15,491.68,44.47,0,0
8/25/2023 10:28:34 AM,15,17,497.56,45.85,0,0
8/25/2023 10:27:33 AM,14,15,508.03,48.26,0,0
8/25/2023 10:26:33 AM,15,17,522.71,49.08,0,0
8/25/2023 10:25:17 AM,16,18,482.55,44.22,0,0
8/25/2023 10:24:04 AM,16,18,482.96,45.09,0,0
8/25/2023 10:22:10 AM,15,17,483.95,44.83,0,0
8/25/2023 10:21:10 AM,16,18,482.95,43.91,0,0
8/25/2023 10:20:10 AM,17,19,480.13,43.64,0,0
8/25/2023 10:19:17 AM,18,21,480.25,44.18,0,0
8/25/2023 10:18:28 AM,21,23,481.29,44.2,0,0
8/25/2023 10:17:11 AM,22,24,478.94,44.21,0,0
8/25/2023 10:16:10 AM,20,22,475.6,44.67,0,0
8/25/2023 10:15:13 AM,18,20,474.49,45.6,0,0
8/25/2023 10:14:10 AM,19,21,471.05,44.99,0,0
8/25/2023 10:13:21 AM,17,19,475.27,44.17,0,0
8/25/2023 10:12:27 AM,22,25,474,43.76,0,0
8/25/2023 10:11:10 AM,20,22,471.19,45.16,0,0
8/25/2023 10:10:26 AM,22,24,470.92,44.91,0,0
8/25/2023 10:09:10 AM,20,22,468.79,44.6,0,0
8/25/2023 10:08:11 AM,23,26,468.25,44.4,0,0
8/25/2023 10:07:14 AM,20,22,466.37,44.35,0,0
8/25/2023 10:06:26 AM,15,17,466.52,44.69,0,0
8/25/2023 10:05:17 AM,15,17,462.73,45.42,0,0
8/25/2023 10:04:21 AM,15,17,469.61,45.85,0,0
8/25/2023 10:03:11 AM,15,17,469.53,44.88,0,0
8/25/2023 10:02:16 AM,16,18,473.01,44.18,0,0
8/25/2023 10:01:11 AM,16,18,476.26,45.03,0,0
8/25/2023 10:00:11 AM,15,17,477.31,45.19,0,0
8/25/2023 9:59:11 AM,15,17,472.04,45.3,0,0
8/25/2023 9:58:10 AM,14,15,466.65,46.32,0,0
8/25/2023 9:57:10 AM,15,17,470.58,46.63,0,0
8/25/2023 9:56:09 AM,16,18,471.62,45.67,0,0
8/25/2023 9:55:10 AM,15,17,465.09,45.86,0,0
8/25/2023 9:54:11 AM,16,18,462.42,45.87,0,0
8/25/2023 9:53:11 AM,14,15,463.26,46.26,0,0
8/25/2023 9:52:16 AM,14,15,465.26,46.3,0,0
8/25/2023 9:51:10 AM,15,17,469.76,47.13,0,0
8/25/2023 9:50:10 AM,16,18,473.01,49.5,0,0
8/25/2023 9:48:49 AM,16,18,465.12,46.33,0,0
8/25/2023 9:47:43 AM,15,17,464.1,46.27,0,0
8/25/2023 9:46:43 AM,16,18,465.45,45.95,0,0
8/25/2023 9:45:44 AM,16,18,468.68,44.41,0,0
8/25/2023 9:44:58 AM,14,15,465.89,44.44,0,0
8/25/2023 9:43:43 AM,14,15,460.18,45.05,0,0
8/25/2023 9:42:43 AM,13,14,462.12,44.79,0,0
8/25/2023 9:41:42 AM,15,17,465.21,44.66,0,0
8/25/2023 9:40:43 AM,17,19,464.64,44.67,0,0
8/25/2023 9:39:43 AM,14,15,461.35,45.35,0,0
8/25/2023 9:38:43 AM,15,17,462.94,44.85,0,0
8/25/2023 9:37:42 AM,14,15,465.77,44.66,0,0
8/25/2023 9:36:42 AM,17,19,468.02,44.87,0,0
8/25/2023 9:35:42 AM,17,19,465.8,45.58,0,0
8/25/2023 9:34:42 AM,16,18,465.71,45.06,0,0
8/25/2023 9:33:44 AM,16,18,465.02,46.04,0,0
8/25/2023 9:32:42 AM,17,19,464.93,46.61,0,0
8/25/2023 9:31:43 AM,17,19,465.31,47.29,0,0
8/25/2023 9:30:42 AM,17,19,457.32,47.13,0,0
8/25/2023 9:29:51 AM,19,21,453.45,46.22,0,0
8/25/2023 9:28:44 AM,18,20,454.21,46.06,0,0
8/25/2023 9:27:43 AM,21,23,461.07,47.06,0,0
8/25/2023 9:26:44 AM,26,29,461.68,46.46,0,0
8/25/2023 9:25:42 AM,23,26,458.34,46.42,0,0
8/25/2023 9:24:49 AM,26,29,451.31,45.99,0,0
8/25/2023 9:23:43 AM,31,36,454.44,45.85,0,0
8/25/2023 9:22:43 AM,37,42,459.71,45.16,0,0
8/25/2023 9:21:43 AM,41,48,459.85,45.03,0,0
8/25/2023 9:20:43 AM,31,36,462.87,44.76,0,0
8/25/2023 9:19:43 AM,28,31,458.41,44.91,0,0
8/25/2023 9:18:42 AM,24,27,454.32,45.69,0,0
8/25/2023 9:17:42 AM,35,40,455.93,46.45,0,0
8/25/2023 9:16:42 AM,32,36,457.71,46.54,0,0
8/25/2023 9:15:01 AM,30,34,460.81,45.56,0,0
8/25/2023 9:13:51 AM,34,38,461.36,45.51,0,0
8/25/2023 9:12:37 AM,31,35,453.03,46.54,0,0
8/25/2023 9:11:38 AM,27,30,454.24,46.3,0,0
8/25/2023 9:10:37 AM,33,37,456.28,46.48,0,0
8/25/2023 9:09:44 AM,27,30,457.61,46.53,0,0
8/25/2023 9:08:39 AM,28,31,455.63,46.9,0,0
8/25/2023 9:07:41 AM,29,32,450.49,46.59,0,0
8/25/2023 9:06:42 AM,28,32,446.7,47.07,0,0
8/25/2023 9:05:40 AM,30,34,450.25,46.47,0,0
8/25/2023 9:04:45 AM,27,30,449.91,47,0,0
8/25/2023 9:03:37 AM,25,28,448.7,46.69,0,0
8/25/2023 9:02:37 AM,22,24,445.9,48.46,0,0
8/25/2023 9:01:38 AM,22,24,447.35,48.98,0,0
8/25/2023 9:00:52 AM,24,27,451.9,46.79,0,0
8/25/2023 8:59:38 AM,24,27,450.51,45.58,0,0
8/25/2023 8:58:37 AM,22,24,451.52,45.9,0,0
8/25/2023 8:57:38 AM,23,26,451.07,46.69,0,0
8/25/2023 8:56:37 AM,23,26,449.74,46.21,0,0
8/25/2023 8:55:37 AM,23,26,448.2,46.05,0,0
8/25/2023 8:54:55 AM,24,27,451.39,46.37,0,0
8/25/2023 8:53:45 AM,20,22,449.56,46.58,0,0
8/25/2023 8:52:34 AM,25,28,451.4,46.29,0,0
8/25/2023 8:51:47 AM,21,23,450.37,46.09,0,0
8/25/2023 8:50:59 AM,24,27,449.59,45.55,0,0
8/25/2023 8:49:29 AM,24,27,448.78,45.07,0,0
8/25/2023 8:48:42 AM,22,24,446.49,45.11,0,0
8/25/2023 8:47:27 AM,23,26,445.74,44.69,0,0
8/25/2023 8:46:26 AM,23,26,448.27,45.82,0,0
8/25/2023 8:45:37 AM,22,24,449.71,46.11,0,0
8/25/2023 8:44:29 AM,25,28,455.04,46.58,0,0
8/25/2023 8:43:33 AM,26,29,454.28,46.35,0,0
8/25/2023 8:42:27 AM,26,29,450.34,46.03,0,0
8/25/2023 8:41:26 AM,21,24,444.68,45.6,0,0
8/25/2023 8:40:51 AM,20,22,442.04,45.72,0,0
8/25/2023 8:39:25 AM,23,26,436.15,46.94,0,0
8/25/2023 8:38:25 AM,22,24,432.6,47.98,0,0
8/25/2023 8:37:21 AM,21,23,428.67,48.93,0,0
8/25/2023 8:35:00 AM,22,25,446.9,46.62,0,0
8/25/2023 8:34:14 AM,24,27,445.08,46.74,0,0
8/25/2023 8:33:05 AM,22,24,442.96,46.41,0,0
8/25/2023 8:32:03 AM,23,26,439.52,47.12,0,0
8/25/2023 8:31:01 AM,24,27,443.17,47.4,0,0
8/25/2023 8:30:00 AM,26,29,444.92,46.91,0,0
8/25/2023 8:29:14 AM,23,26,444.44,47.17,0,0
8/25/2023 8:27:59 AM,25,28,445.45,47.03,0,0
8/25/2023 8:26:00 AM,26,29,445.48,47.45,0,0
8/25/2023 8:24:59 AM,29,32,445.56,46.76,0,0
8/25/2023 8:23:00 AM,34,38,441.22,46.94,0,0
8/25/2023 8:21:58 AM,38,43,442.59,48.05,0,0
8/25/2023 8:20:58 AM,37,41,441.28,46.84,0,0
8/25/2023 8:19:58 AM,38,43,441.81,46.31,0,0
8/25/2023 8:18:59 AM,41,47,440.57,47.08,0,0
8/25/2023 8:17:59 AM,39,44,443.23,48.28,0,0
8/25/2023 8:16:59 AM,37,41,441.68,48.48,0,0
8/25/2023 8:15:58 AM,34,38,444.2,47.62,0,0
8/25/2023 8:14:58 AM,33,37,444.46,47.08,0,0
8/25/2023 8:13:58 AM,27,30,442.31,46.27,0,0
8/25/2023 8:12:59 AM,28,31,442.93,44.72,0,0
8/25/2023 8:11:58 AM,29,32,443.53,45.33,0,0
8/25/2023 8:10:00 AM,22,24,439.31,46.9,0,0
8/25/2023 8:08:59 AM,25,28,436.08,47.26,0,0
8/25/2023 8:07:59 AM,25,28,435.66,47.35,0,0
8/25/2023 8:06:59 AM,27,30,434.93,47.99,0,0
8/25/2023 8:05:58 AM,27,30,435.98,48.26,0,0
8/25/2023 8:04:12 AM,27,30,437.4,48.77,0,0
8/25/2023 8:02:59 AM,26,30,441.3,51,0,0
8/25/2023 8:01:59 AM,25,28,437.22,54.65,0,0
8/25/2023 8:00:06 AM,27,30,442.87,47.34,0,0
8/25/2023 7:59:04 AM,25,28,440.64,48.22,0,0
8/25/2023 7:58:05 AM,25,28,444.74,48.28,0,0
8/25/2023 7:57:21 AM,27,30,444.93,48.31,0,0
8/25/2023 7:55:58 AM,27,31,444.5,47.68,0,0
8/25/2023 7:54:02 AM,32,37,436.57,48.12,0,0
8/25/2023 7:52:59 AM,32,36,438.83,47.24,0,0
8/25/2023 7:51:59 AM,34,38,435.75,47.06,0,0
8/25/2023 7:50:59 AM,32,36,433.46,47.09,0,0
8/25/2023 7:49:59 AM,36,40,429.87,46.57,0,0
8/25/2023 7:48:24 AM,29,33,433.44,47.51,0,0
8/25/2023 7:46:51 AM,37,41,433.47,47.46,0,0
8/25/2023 7:45:52 AM,34,38,434.76,47.14,0,0
8/25/2023 7:44:52 AM,31,35,437.54,46.9,0,0
8/25/2023 7:43:51 AM,38,43,438.04,46.39,0,0
8/25/2023 7:42:51 AM,34,38,435.12,46.06,0,0
8/25/2023 7:41:51 AM,34,38,437.81,46.79,0,0
8/25/2023 7:40:51 AM,34,38,438.68,46.7,0,0
8/25/2023 7:39:52 AM,32,36,438.06,47.56,0,0
8/25/2023 7:38:51 AM,36,40,440.66,47.56,0,0
8/25/2023 7:37:51 AM,38,43,440.65,46.78,0,0
8/25/2023 7:36:51 AM,37,41,436.85,47.74,0,0
8/25/2023 7:35:10 AM,39,44,442.34,47.99,0,0
8/25/2023 7:33:40 AM,41,46,439.57,48.81,0,0
8/25/2023 7:32:42 AM,36,40,436.67,48.25,0,0
8/25/2023 7:31:40 AM,37,41,434.52,48,0,0
8/25/2023 7:30:40 AM,42,48,435.91,47.05,0,0
8/25/2023 7:29:42 AM,37,41,438.05,47.27,0,0
8/25/2023 7:28:41 AM,36,41,431.35,48.52,0,0
8/25/2023 7:27:43 AM,40,45,424.97,48.48,0,0
8/25/2023 7:26:40 AM,38,43,416.57,48.28,0,0
8/25/2023 7:25:43 AM,37,41,403.88,47.41,0,0
8/25/2023 7:24:40 AM,39,44,381.23,47.15,0,0
8/25/2023 7:23:18 AM,39,44,433.14,48.1,0,0
8/25/2023 7:22:17 AM,36,41,431.55,47.22,0,0
8/25/2023 7:21:20 AM,39,44,435.64,47.18,0,0
8/25/2023 7:20:18 AM,36,40,435.77,47.43,0,0
8/25/2023 7:19:18 AM,35,39,436.58,47.41,0,0
8/25/2023 7:18:18 AM,36,40,438.78,46.92,0,0
8/25/2023 7:17:18 AM,34,39,438.14,46.94,0,0
8/25/2023 7:16:18 AM,40,45,433.34,47.57,0,0
8/25/2023 7:15:17 AM,38,43,430.82,47.75,0,0
8/25/2023 7:14:18 AM,37,41,428.3,48.22,0,0
8/25/2023 7:13:17 AM,37,42,429.45,47.16,0,0
8/25/2023 7:12:20 AM,39,44,430.58,46.05,0,0
8/25/2023 7:11:18 AM,36,41,432.69,46.89,0,0
8/25/2023 7:10:18 AM,40,45,434.05,47.85,0,0
8/25/2023 7:09:18 AM,39,44,434.93,48.53,0,0
8/25/2023 7:08:17 AM,39,44,429.53,48.52,0,0
8/25/2023 7:07:17 AM,38,43,430.92,47.14,0,0
8/25/2023 7:06:18 AM,43,48,430.56,46.48,0,0
8/25/2023 7:05:18 AM,37,41,433.71,47.48,0,0
8/25/2023 7:04:18 AM,43,48,435.02,47.82,0,0
8/25/2023 7:03:18 AM,44,49,433.53,48.15,0,0
8/25/2023 7:02:18 AM,43,49,434.52,48,0,0
8/25/2023 7:01:17 AM,44,49,433.48,46.81,0,0
8/25/2023 7:00:17 AM,44,49,432.47,47.03,0,0
8/25/2023 6:59:17 AM,42,49,436.79,46.89,0,0
8/25/2023 6:58:21 AM,43,48,435.86,46.43,0,0
8/25/2023 6:57:20 AM,41,46,432.24,45.56,0,0
8/25/2023 6:56:18 AM,42,47,431.93,45.12,0,0
8/25/2023 6:55:18 AM,39,44,426.97,45.41,0,0
8/25/2023 6:54:25 AM,40,46,428.87,45.83,0,0
8/25/2023 6:53:18 AM,41,46,423.73,46.34,0,0
8/25/2023 6:52:18 AM,37,41,423.44,46.97,0,0
8/25/2023 6:51:28 AM,39,44,426.36,46.69,0,0
8/25/2023 6:50:17 AM,40,45,433.45,46.4,0,0
8/25/2023 6:49:20 AM,38,43,435.17,48.42,0,0
8/25/2023 6:48:23 AM,34,38,437.35,49.7,0,0
8/25/2023 6:47:00 AM,33,37,436.16,45.67,0,0
8/25/2023 6:46:00 AM,35,39,434.26,46.43,0,0
8/25/2023 6:45:01 AM,33,37,431.42,46.51,0,0
8/25/2023 6:44:01 AM,32,36,429.99,47.7,0,0
8/25/2023 6:43:01 AM,33,37,424.85,48.22,0,0
8/25/2023 6:42:06 AM,33,37,428.72,48.24,0,0
8/25/2023 6:41:01 AM,31,35,430.55,48,0,0
8/25/2023 6:40:07 AM,32,36,427.33,47.03,0,0
8/25/2023 6:39:06 AM,31,35,426.33,47.82,0,0
8/25/2023 6:38:01 AM,30,34,425.72,48.44,0,0
8/25/2023 6:37:01 AM,27,30,433.09,47.15,0,0
8/25/2023 6:36:01 AM,32,36,434.16,46.19,0,0
8/25/2023 6:35:01 AM,32,36,431.39,45.7,0,0
8/25/2023 6:34:19 AM,31,35,431.59,45.61,0,0
8/25/2023 6:32:04 AM,32,36,433.32,46.72,0,0
8/25/2023 6:30:59 AM,34,38,434.83,46.77,0,0
8/25/2023 6:29:59 AM,33,37,431.3,47.84,0,0
8/25/2023 6:28:04 AM,32,36,422.82,47.56,0,0
8/25/2023 6:26:00 AM,30,34,434.3,48.15,0,0
8/25/2023 6:25:04 AM,28,31,436.32,47.72,0,0
8/25/2023 6:23:02 AM,28,31,437.47,47.03,0,0
8/25/2023 6:22:14 AM,32,37,435.98,46.78,0,0
8/25/2023 6:20:58 AM,25,28,428.85,46.17,0,0
8/25/2023 6:19:59 AM,28,31,426.67,45.33,0,0
8/25/2023 6:18:01 AM,29,32,427.4,45.3,0,0
8/25/2023 6:16:58 AM,28,31,428.25,46.79,0,0
8/25/2023 6:15:04 AM,28,31,442.39,46.15,0,0
8/25/2023 6:13:58 AM,30,34,453.84,46.05,0,0
8/25/2023 6:12:58 AM,32,36,460.95,45.74,0,0
8/25/2023 6:11:59 AM,32,36,481.64,45.97,0,0
8/25/2023 6:10:38 AM,31,35,438.5,46.22,0,0
8/25/2023 6:09:38 AM,30,34,435.66,46.71,0,0
8/25/2023 6:08:39 AM,29,32,435.1,46.26,0,0
8/25/2023 6:07:38 AM,31,35,435.85,46.95,0,0
8/25/2023 6:06:39 AM,30,34,437.61,48.05,0,0
8/25/2023 6:05:39 AM,26,29,436.49,48.2,0,0
8/25/2023 6:04:41 AM,29,32,434.49,47.8,0,0
8/25/2023 6:03:39 AM,26,29,431.14,47.64,0,0
8/25/2023 6:02:39 AM,26,29,432.73,45.71,0,0
8/25/2023 6:01:43 AM,28,31,430.25,46.58,0,0