date,PM2_5_950,PM10_950,SOX_950,NOX_950,Temp_950,Hum_950
8/26/2023 10:41:25 AM,6,6,602.23,46.05,24.1,95
8/26/2023 10:40:10 AM,4,4,593.11,46.29,24.2,95
8/26/2023 10:39:05 AM,4,4,589.41,46.13,24.2,95
8/26/2023 10:38:05 AM,6,6,593.86,45.72,24.2,95
8/26/2023 10:37:23 AM,6,6,595.54,45.8,24.2,95
8/26/2023 10:35:42 AM,6,6,598.6,45.85,24.1,94
8/26/2023 10:34:49 AM,5,5,597.21,45.72,24.1,94
8/26/2023 10:33:46 AM,4,4,601.96,45.92,24,95
8/26/2023 10:32:42 AM,5,5,601.76,46.23,24,95
8/26/2023 10:31:40 AM,8,9,598.38,46.61,23.9,95
8/26/2023 10:30:40 AM,7,7,601.62,46.99,23.8,96
8/26/2023 10:29:40 AM,5,5,605.27,46.4,23.8,96
8/26/2023 10:28:58 AM,6,6,604.6,46.66,23.7,97
8/26/2023 10:27:40 AM,4,4,602.57,46.14,23.7,97
8/26/2023 10:26:55 AM,6,6,597.78,46.06,23.6,97
8/26/2023 10:25:42 AM,6,6,595.29,46.09,23.6,96
8/26/2023 10:24:41 AM,6,6,600.04,46.72,23.6,97
8/26/2023 10:23:36 AM,6,6,608.61,47.06,23.6,97
8/26/2023 10:22:38 AM,8,9,608.08,46.53,23.6,97
8/26/2023 10:21:36 AM,4,4,603.35,47.26,23.6,97
8/26/2023 10:20:23 AM,7,7,607.36,47.52,23.5,97
8/26/2023 10:19:25 AM,5,5,601.19,47.78,23.5,97
8/26/2023 10:18:23 AM,7,7,602.93,47.94,23.5,98
8/26/2023 10:17:32 AM,7,7,598.74,47.19,23.4,98
8/26/2023 10:15:23 AM,8,9,594.98,46.79,23.4,98
8/26/2023 10:14:22 AM,8,9,603.76,47.31,23.4,98
8/26/2023 10:13:23 AM,8,9,609.18,47.47,23.3,98
8/26/2023 10:12:29 AM,7,8,604.06,47.12,23.3,98
8/26/2023 10:11:25 AM,8,9,603.6,47.18,23.3,98
8/26/2023 10:10:22 AM,7,8,606.57,47.62,23.3,98
8/26/2023 10:09:26 AM,9,10,609.24,47.71,23.3,98
8/26/2023 10:08:24 AM,6,6,606.44,47.48,23.3,98
8/26/2023 10:07:37 AM,7,8,604.94,47.59,23.4,98
8/26/2023 10:06:41 AM,6,6,602.13,47.69,23.4,97
8/26/2023 10:05:22 AM,5,5,609.2,45.95,23.5,97
8/26/2023 10:04:32 AM,5,5,609.46,45.06,23.6,97
8/26/2023 10:03:22 AM,6,6,601.83,45.29,23.6,97
8/26/2023 10:02:25 AM,7,7,606.9,45.85,23.6,97
8/26/2023 10:01:26 AM,8,9,604.05,46.04,23.7,97
8/26/2023 10:00:22 AM,5,5,612.51,46,23.7,97
8/26/2023 9:59:34 AM,6,6,608.19,46.93,23.7,97
8/26/2023 9:58:24 AM,8,9,602.14,47.05,23.8,97
8/26/2023 9:57:23 AM,10,11,602.97,46.89,23.8,96
8/26/2023 9:56:24 AM,8,9,600.48,46.39,23.8,96
8/26/2023 9:55:23 AM,5,5,598.32,46.08,23.9,96
8/26/2023 9:54:24 AM,8,9,597.66,45.87,23.9,96
8/26/2023 9:53:41 AM,5,5,596.18,45.74,24,96
8/26/2023 9:52:25 AM,6,6,599.49,45.66,24.1,95
8/26/2023 9:51:29 AM,7,7,596.04,46.08,24.1,95
8/26/2023 9:50:25 AM,5,5,590.96,45.25,24.2,94
8/26/2023 9:49:22 AM,6,6,601.65,44.75,24.4,94
8/26/2023 9:48:30 AM,10,11,614.57,44.44,24.4,95
8/26/2023 9:47:22 AM,9,10,619.01,43.67,24.5,96
8/26/2023 9:46:41 AM,10,11,615.85,42.61,24.5,96
8/26/2023 9:45:25 AM,12,13,609.27,45.3,24.5,96
8/26/2023 9:44:18 AM,11,12,612.85,45.99,24.5,95
8/26/2023 9:43:18 AM,8,9,608.76,46.52,24.6,95
8/26/2023 9:42:28 AM,12,13,608.26,47.2,24.6,95
8/26/2023 9:41:18 AM,11,12,601.31,46.89,24.6,96
8/26/2023 9:40:17 AM,12,13,599.84,46.33,24.5,97
8/26/2023 9:39:21 AM,11,12,600.91,46.31,24.4,97
8/26/2023 9:38:21 AM,11,12,598.21,46.42,24.2,97
8/26/2023 9:37:19 AM,11,12,601.86,46.89,24.1,97
8/26/2023 9:36:17 AM,12,13,600.28,47.92,24,97
8/26/2023 9:35:20 AM,13,14,598.08,48.02,24,97
8/26/2023 9:34:20 AM,11,12,593.95,47.42,23.9,97
8/26/2023 9:33:18 AM,12,13,595.21,46.72,23.8,97
8/26/2023 9:32:17 AM,12,13,604.72,46.11,23.8,97
8/26/2023 9:31:17 AM,12,13,606.36,46.6,23.7,97
8/26/2023 9:30:24 AM,10,11,606.09,46.73,23.6,97
8/26/2023 9:29:17 AM,9,10,602.31,47.51,23.6,97
8/26/2023 9:28:20 AM,9,10,601.6,46.55,23.5,97
8/26/2023 9:27:24 AM,9,10,603.41,46.57,23.5,97
8/26/2023 9:26:37 AM,7,7,606.33,46.8,23.6,97
8/26/2023 9:25:16 AM,9,10,607.01,47.62,23.6,97
8/26/2023 9:24:21 AM,10,11,603,47.14,23.7,97
8/26/2023 9:23:15 AM,9,10,595.88,46.78,23.6,97
8/26/2023 9:22:18 AM,9,10,598.17,46.34,23.7,96
8/26/2023 9:21:14 AM,10,11,596.07,46.36,23.8,97
8/26/2023 9:20:16 AM,11,13,598,46.44,23.8,97
8/26/2023 9:19:31 AM,11,12,600.14,46.63,23.8,97
8/26/2023 9:18:14 AM,11,12,599.7,45.71,23.8,97
8/26/2023 9:17:16 AM,8,9,600.67,45.2,23.8,96
8/26/2023 9:16:14 AM,12,13,599.42,45.31,23.9,97
8/26/2023 9:15:15 AM,13,14,599.69,45.77,23.8,97
8/26/2023 9:14:25 AM,13,15,607.59,45.67,23.9,97
8/26/2023 9:13:15 AM,11,12,614.76,45.04,23.8,97
8/26/2023 9:12:19 AM,11,12,625.58,44.12,23.8,97
8/26/2023 9:11:27 AM,12,13,627.7,43.16,23.8,97
8/26/2023 9:10:11 AM,12,13,607.13,44.7,23.7,97
8/26/2023 9:09:09 AM,11,12,609.92,45.98,23.7,97
8/26/2023 9:08:08 AM,11,12,611.6,47.43,23.7,97
8/26/2023 9:07:08 AM,13,14,613.49,47.31,23.7,97
8/26/2023 9:06:24 AM,12,13,611.23,47.98,23.7,97
8/26/2023 9:05:21 AM,13,14,608.44,48.15,23.7,97
8/26/2023 9:04:09 AM,11,12,608,47.3,23.7,97
8/26/2023 9:03:10 AM,11,12,605.29,47.62,23.7,97
8/26/2023 9:02:09 AM,12,13,606.44,47.35,23.8,97
8/26/2023 9:01:09 AM,15,17,606.87,47.78,23.8,97
8/26/2023 9:00:09 AM,12,13,607.39,48.02,23.8,96
8/26/2023 8:59:12 AM,10,11,600.99,47.31,23.9,95
8/26/2023 8:58:27 AM,9,10,601.12,46.9,23.9,95
8/26/2023 8:57:04 AM,9,11,595.84,45.48,24.1,94
8/26/2023 8:56:04 AM,6,6,594.93,45.7,24.1,94
8/26/2023 8:55:04 AM,9,10,596.79,47.65,24.2,95
8/26/2023 8:54:05 AM,7,7,593.59,46.88,24.3,95
8/26/2023 8:53:04 AM,12,13,588.26,45.95,24.3,94
8/26/2023 8:52:05 AM,13,14,584.03,45.76,24.3,94
8/26/2023 8:51:05 AM,12,13,580.76,45.36,24.3,94
8/26/2023 8:50:10 AM,11,12,587.16,45.54,24.3,95
8/26/2023 8:49:10 AM,15,17,591.81,46.28,24.3,95
8/26/2023 8:48:14 AM,10,11,592.46,46.95,24.3,94
8/26/2023 8:47:04 AM,8,9,594.01,47.13,24.2,95
8/26/2023 8:46:10 AM,12,13,595.37,47.22,24.3,95
8/26/2023 8:45:05 AM,15,17,588.01,46.64,24.2,97
8/26/2023 8:44:04 AM,13,14,586.26,45.84,24.2,96
8/26/2023 8:43:03 AM,13,14,595.38,46.87,24.1,96
8/26/2023 8:42:06 AM,13,14,597.69,47.9,24.2,95
8/26/2023 8:41:10 AM,10,11,604.34,48.44,24.2,95
8/26/2023 8:40:04 AM,8,9,607.42,48.68,24.2,94
8/26/2023 8:39:03 AM,9,10,610.68,48.03,24.3,94
8/26/2023 8:38:05 AM,10,11,614.82,46.27,24.4,95
8/26/2023 8:37:04 AM,10,11,623.14,44.03,24.3,95
8/26/2023 8:36:03 AM,12,13,636.36,40.41,24.4,96
8/26/2023 8:34:56 AM,16,18,586.53,47.42,24.3,97
8/26/2023 8:33:55 AM,13,14,583.99,46.56,24.2,97
8/26/2023 8:32:11 AM,13,14,584.85,48.04,24,97
8/26/2023 8:30:01 AM,6,6,587.96,48.62,24,97
8/26/2023 8:28:55 AM,15,17,587.44,49.16,23.8,98
8/26/2023 8:27:56 AM,12,13,591.38,49.17,23.8,98
8/26/2023 8:26:54 AM,13,14,584.43,49.64,23.7,99
8/26/2023 8:25:54 AM,14,15,587.94,48.94,23.6,99
8/26/2023 8:24:54 AM,14,15,585.55,48.3,23.5,99
8/26/2023 8:23:56 AM,12,13,584.66,47.62,23.4,99
8/26/2023 8:22:58 AM,12,13,585.31,47.45,23.4,99
8/26/2023 8:21:56 AM,10,11,584.12,47.93,23.4,98
8/26/2023 8:20:57 AM,13,14,584.21,48.07,23.4,98
8/26/2023 8:19:55 AM,13,14,581.76,48.45,23.4,99
8/26/2023 8:18:13 AM,11,12,580.27,49.01,23.4,98
8/26/2023 8:16:55 AM,12,13,580.21,48.5,23.4,99
8/26/2023 8:15:04 AM,11,12,585.79,47.4,23.4,99
8/26/2023 8:13:56 AM,12,13,578.55,48,23.4,99
8/26/2023 8:12:55 AM,17,19,580.04,49.3,23.3,100
8/26/2023 8:11:56 AM,18,20,578.47,48.6,23.3,100
8/26/2023 8:10:56 AM,18,20,579.26,48.5,23.2,100
8/26/2023 8:09:55 AM,15,17,583.59,48.27,23.2,99
8/26/2023 8:08:57 AM,17,19,588.39,48.66,23.2,100
8/26/2023 8:07:55 AM,15,17,590.66,49.28,23.1,100
8/26/2023 8:06:56 AM,14,15,587.11,48.92,23,100
8/26/2023 8:05:55 AM,13,14,581.86,48.21,22.9,100
8/26/2023 8:04:56 AM,10,11,578.81,47.57,22.9,100
8/26/2023 8:03:58 AM,12,13,573.04,46.92,22.8,99.5
8/26/2023 8:02:55 AM,15,19,566.35,46.03,22.8,100
8/26/2023 8:01:54 AM,9,10,564.45,47.53,22.8,99.52
8/26/2023 8:00:04 AM,11,12,575.91,47.99,22.8,99.74
8/26/2023 7:58:46 AM,10,11,572.25,48.56,22.8,99.45
8/26/2023 7:57:51 AM,9,10,579.84,47.13,22.9,99.81
8/26/2023 7:56:46 AM,10,11,574.41,47.38,22.9,99.43
8/26/2023 7:55:46 AM,10,11,574.71,47.5,22.9,99.16
8/26/2023 7:54:47 AM,10,11,576.65,47.95,22.9,99.86
8/26/2023 7:53:54 AM,8,9,579.63,49.21,22.9,99.28
8/26/2023 7:52:47 AM,8,9,579.13,47.94,23,99.26
8/26/2023 7:51:47 AM,10,11,583.82,47.38,23,99.84
8/26/2023 7:50:46 AM,9,10,581.25,47.74,23,99.76
8/26/2023 7:49:47 AM,10,11,574.09,47.88,23,99.79
8/26/2023 7:48:47 AM,8,9,571.51,47.9,23,99.51
8/26/2023 7:47:57 AM,9,10,578.3,48.32,23.1,99.69
8/26/2023 7:46:59 AM,11,12,571.75,47.9,23.1,99.25
8/26/2023 7:45:48 AM,8,9,570.52,48.21,23.1,99.58
8/26/2023 7:44:51 AM,8,9,576.66,48.79,23,99.88
8/26/2023 7:43:00 AM,7,7,570.63,47.42,22.9,99.68
8/26/2023 7:41:48 AM,9,10,564.71,47.45,22.8,99.86
8/26/2023 7:40:48 AM,9,10,564.63,48.02,22.8,99.16
8/26/2023 7:39:48 AM,9,10,563.89,48.66,22.7,99.62
8/26/2023 7:38:46 AM,11,12,566.45,48.74,22.7,99.83
8/26/2023 7:37:48 AM,8,9,569.98,48.2,22.6,99.7
8/26/2023 7:36:46 AM,9,10,577.04,48.58,22.6,99.38
8/26/2023 7:35:51 AM,8,9,582.4,49.19,22.5,99.71
8/26/2023 7:34:49 AM,8,9,584.41,50,22.5,99.72
8/26/2023 7:33:49 AM,9,10,578.47,49.79,22.5,99.78
8/26/2023 7:32:47 AM,7,7,568.52,48.51,22.5,99.32
8/26/2023 7:31:47 AM,11,12,563.99,48.44,22.5,99.75
8/26/2023 7:30:59 AM,9,10,566.99,48.87,22.4,99.12
8/26/2023 7:29:47 AM,9,10,571.61,48.84,22.4,99.77
8/26/2023 7:28:51 AM,8,9,573.06,49.84,22.4,99.87
8/26/2023 7:27:46 AM,8,9,571.14,50.34,22.3,99.43
8/26/2023 7:26:49 AM,8,9,569.16,48.32,22.4,99.35
8/26/2023 7:25:48 AM,5,5,566.02,48.19,22.3,99.14
8/26/2023 7:24:38 AM,9,10,584.91,48.17,22.3,99.14
8/26/2023 7:23:39 AM,8,9,583.91,49.05,22.4,99.21
8/26/2023 7:22:38 AM,9,10,572.34,49.88,22.3,99.2
8/26/2023 7:21:41 AM,8,9,573.05,49.96,22.3,99.34
8/26/2023 7:20:41 AM,10,11,577.42,49.33,22.3,99.18
8/26/2023 7:19:40 AM,10,11,582.91,49.2,22.3,99.6
8/26/2023 7:18:39 AM,9,10,587.61,48.33,22.3,99.65
8/26/2023 7:17:42 AM,10,11,580.69,48.49,22.3,99.33
8/26/2023 7:16:40 AM,10,11,577.47,47.73,22.2,99.63
8/26/2023 7:15:38 AM,9,10,578.43,48.05,22.2,99.47
8/26/2023 7:14:50 AM,8,9,578.22,48.82,22.2,99.27
8/26/2023 7:13:42 AM,10,11,579.16,49.61,22.2,99.23
8/26/2023 7:12:39 AM,10,11,571.75,49.77,22.1,99.36
8/26/2023 7:11:39 AM,12,14,570.88,49.46,22,99.69
8/26/2023 7:10:39 AM,13,14,576.42,50.9,22,99.84
8/26/2023 7:09:39 AM,11,12,580.45,50.64,22,99.55
8/26/2023 7:08:39 AM,10,11,575.01,50.23,21.9,99.16
8/26/2023 7:07:38 AM,9,10,576.66,49.99,21.9,99.76
8/26/2023 7:06:40 AM,10,11,570.17,49.3,21.9,99.15
8/26/2023 7:05:38 AM,10,11,564.09,49.72,21.9,99.8
8/26/2023 7:04:39 AM,9,10,569.07,49.5,21.8,99.69
8/26/2023 7:03:38 AM,10,11,573.36,48.89,21.8,99.67
8/26/2023 7:02:38 AM,11,12,574.37,48.75,21.8,99.23
8/26/2023 7:01:56 AM,11,12,576.83,49.32,21.8,99.36
8/26/2023 7:00:50 AM,12,13,583.07,48.95,21.8,99.45
8/26/2023 6:59:40 AM,12,13,582.14,49.13,21.7,99.72
8/26/2023 6:58:48 AM,11,12,578.29,49.17,21.8,99.61
8/26/2023 6:57:39 AM,14,18,576.85,49.09,21.7,99.59
8/26/2023 6:56:38 AM,12,13,579.35,48.74,21.7,99.17
8/26/2023 6:55:38 AM,14,15,571.56,49.11,21.7,99.75
8/26/2023 6:54:38 AM,16,18,573.84,48.62,21.7,99.54
8/26/2023 6:53:39 AM,15,17,583.2,49.13,21.7,99.12
8/26/2023 6:52:39 AM,14,16,590.2,49.48,21.7,99.13
8/26/2023 6:51:41 AM,14,15,603.96,50.14,21.7,99.39
8/26/2023 6:50:09 AM,15,17,572.62,48.09,21.7,99.12
8/26/2023 6:48:00 AM,16,18,578.37,48.27,21.6,99.12
8/26/2023 6:46:48 AM,16,18,578.8,48.77,21.7,99.77
8/26/2023 6:45:48 AM,14,15,580.49,48.84,21.7,99.33
8/26/2023 6:44:48 AM,16,18,585.25,47.66,21.7,99.63
8/26/2023 6:43:47 AM,17,19,579.77,48.26,21.6,99.47
8/26/2023 6:42:48 AM,15,17,580.49,48.34,21.7,99.54
8/26/2023 6:41:48 AM,15,18,583.56,48.43,21.6,99.62
8/26/2023 6:40:54 AM,16,18,577.41,48.3,21.6,99.82
8/26/2023 6:39:02 AM,15,17,576.93,50.34,21.6,99.2
8/26/2023 6:37:47 AM,14,15,577.42,49.7,21.6,99.27
8/26/2023 6:36:05 AM,16,18,582.71,47.94,21.6,99.55
8/26/2023 6:35:01 AM,15,17,584,47.42,21.6,99.76
8/26/2023 6:34:48 AM,16,18,580.81,47.21,21.5,99.76
8/26/2023 6:33:03 AM,15,17,574.45,47.04,21.5,99.2
8/26/2023 6:31:44 AM,13,15,577.02,47.88,21.5,99.13
8/26/2023 6:30:49 AM,16,18,581.16,48.02,21.5,99.31
8/26/2023 6:29:33 AM,15,17,581.72,47.58,21.5,99.23
8/26/2023 6:28:37 AM,18,20,577.25,48.29,21.5,99.14
8/26/2023 6:27:33 AM,15,17,582.41,47.52,21.5,99.65
8/26/2023 6:26:34 AM,14,15,579.89,48.48,21.4,99.6
8/26/2023 6:25:52 AM,15,17,579.94,49.29,21.5,99.72
8/26/2023 6:24:50 AM,13,14,579.54,49.33,21.5,99.76
8/26/2023 6:23:50 AM,14,15,579.88,49.43,21.5,99.39
8/26/2023 6:22:33 AM,17,19,572.89,48.38,21.5,99.36
8/26/2023 6:21:32 AM,17,19,563.86,47.36,21.5,99.61
8/26/2023 6:20:32 AM,16,18,564.71,48.6,21.5,99.42
8/26/2023 6:19:47 AM,16,18,568.72,48.08,21.5,99.54
8/26/2023 6:18:34 AM,13,14,579.47,46.62,21.5,99.67
8/26/2023 6:17:46 AM,13,14,588.5,45.69,21.5,99.46
8/26/2023 6:16:32 AM,15,17,598.64,44.67,21.5,99.35
8/26/2023 6:15:32 AM,15,17,612.47,43.69,21.5,99.14
8/26/2023 6:14:01 AM,14,16,575.55,49.69,21.4,99.5
8/26/2023 6:13:17 AM,14,15,574.89,49.16,21.4,99.84
8/26/2023 6:12:03 AM,15,17,573.1,48.18,21.4,99.41
8/26/2023 6:11:20 AM,13,14,572.05,48.03,21.5,99.49
8/26/2023 6:10:02 AM,11,12,575.06,48.91,21.5,99.81
8/26/2023 6:09:20 AM,11,12,574.16,49.05,21.4,99.71
8/26/2023 6:07:14 AM,11,12,577.36,48.19,21.4,99.29
8/26/2023 6:05:00 AM,13,14,574.66,49.61,21.4,99.84
8/26/2023 6:04:00 AM,12,13,573.6,49.91,21.3,99.55
8/26/2023 6:03:01 AM,10,11,568.71,50.13,21.3,99.87
8/26/2023 6:02:15 AM,11,12,568.63,49.25,21.3,99.2
8/26/2023 6:01:18 AM,11,13,570.9,48.04,21.3,99.46
8/26/2023 6:00:14 AM,9,10,572.05,48.25,21.3,99.29
8/26/2023 5:59:08 AM,11,12,574.74,48.05,21.3,99.16
8/26/2023 5:58:07 AM,9,10,579.2,48.68,21.3,99.46
8/26/2023 5:56:04 AM,12,13,576.46,48.61,21.3,99.67
8/26/2023 5:55:16 AM,12,13,572.49,49.38,21.3,99.57
8/26/2023 5:54:11 AM,11,12,574.29,49.68,21.3,99.38
8/26/2023 5:52:02 AM,11,12,573.07,48.86,21.3,99.86
8/26/2023 5:51:12 AM,12,14,573.61,48.91,21.3,99.51
8/26/2023 5:50:10 AM,14,15,574.15,49.22,21.3,99.25
8/26/2023 5:48:43 AM,14,15,580.96,49.43,21.3,99.32
8/26/2023 5:47:38 AM,13,14,584.29,49.07,21.3,99.75
8/26/2023 5:46:56 AM,12,13,577.67,49.02,21.3,99.57
8/26/2023 5:45:33 AM,13,14,570.25,49.22,21.3,99.52
8/26/2023 5:44:51 AM,14,15,567.37,49.37,21.3,99.58
8/26/2023 5:43:44 AM,13,14,569.5,49.46,21.3,99.67
8/26/2023 5:42:39 AM,15,17,570.07,50.98,21.3,99.46
8/26/2023 5:41:24 AM,15,17,566.41,53.91,21.3,99.35
8/26/2023 5:40:25 AM,14,15,567.67,57.34,21.3,99.14
8/26/2023 5:39:11 AM,18,20,568.98,48.12,21.2,99.52
8/26/2023 5:38:05 AM,15,17,575.85,48.2,21.2,99.33
8/26/2023 5:36:04 AM,17,19,581.97,48.95,21.2,99.58
8/26/2023 5:34:52 AM,20,22,585,49.7,21.2,99.81
8/26/2023 5:33:07 AM,17,19,579.89,48.72,21.2,99.49
8/26/2023 5:31:46 AM,16,18,574.55,48.74,21.2,99.82
8/26/2023 5:30:59 AM,16,18,579.53,48.6,21.2,99.19
8/26/2023 5:29:46 AM,15,17,580.97,48.14,21.2,99.58
8/26/2023 5:28:45 AM,16,18,574.86,48.35,21.2,99.25
8/26/2023 5:27:46 AM,16,18,564.3,50.03,21.2,99.87
8/26/2023 5:26:48 AM,14,15,560.5,50.18,21.2,99.68
8/26/2023 5:25:45 AM,13,14,565.1,50.18,21.1,99.29
8/26/2023 5:24:11 AM,13,14,570.1,50.93,21.2,99.14
8/26/2023 5:22:57 AM,13,14,567.94,50.56,21.2,99.31
8/26/2023 5:21:01 AM,14,15,566.46,50.47,21.2,99.75
8/26/2023 5:19:33 AM,13,14,572.56,50.02,21.2,99.46
8/26/2023 5:18:33 AM,14,15,574.85,48.87,21.2,99.45
8/26/2023 5:17:32 AM,14,15,567.82,48.71,21.2,99.72
8/26/2023 5:16:32 AM,15,17,570.75,49.18,21.2,99.25
8/26/2023 5:15:52 AM,15,17,573.56,48.73,21.2,99.82
8/26/2023 5:14:56 AM,14,16,580.92,48.85,21.2,99.42
8/26/2023 5:13:43 AM,14,16,582.71,49.12,21.2,99.17
8/26/2023 5:12:43 AM,17,19,581.31,48.87,21.2,99.84
8/26/2023 5:11:41 AM,15,17,575.56,49.4,21.2,99.42
8/26/2023 5:10:42 AM,17,19,577.97,49.28,21.3,99.68
8/26/2023 5:09:38 AM,12,13,578.11,49.37,21.3,99.75
8/26/2023 5:08:40 AM,15,17,576.82,49.58,21.3,99.86
8/26/2023 5:07:30 AM,13,14,570.81,51.23,21.3,99.13
8/26/2023 5:06:39 AM,11,12,561.25,52.7,21.3,99.35
8/26/2023 5:05:16 AM,10,11,546.73,57.3,21.3,99.14
8/26/2023 5:03:10 AM,10,11,574.36,48.42,21.5,99.63
8/26/2023 5:02:05 AM,8,9,572.86,48.33,21.5,99.58
8/26/2023 5:01:00 AM,8,9,568.04,48.39,21.4,99.3
8/26/2023 4:59:00 AM,7,7,565.17,48.96,21.5,99.23
8/26/2023 4:57:46 AM,6,6,566.81,49.24,21.5,99.51
8/26/2023 4:56:01 AM,7,7,563.67,49.19,21.5,99.46
8/26/2023 4:55:01 AM,7,7,567.38,48.93,21.6,99.72
8/26/2023 4:53:44 AM,5,5,571,48.87,21.5,99.46
8/26/2023 4:52:45 AM,6,6,570.84,49.29,21.5,99.16
8/26/2023 4:51:46 AM,7,7,577.89,48.68,21.5,99.49
8/26/2023 4:50:04 AM,7,7,576.96,49.25,21.5,99.66
8/26/2023 4:46:27 AM,7,7,564.8,48.8,21.5,99.83
8/26/2023 4:45:41 AM,6,6,560.57,48.71,21.5,99.23
8/26/2023 4:44:39 AM,9,10,560.93,48.83,21.5,99.81
8/26/2023 4:43:34 AM,7,7,570.35,48.75,21.5,99.46
8/26/2023 4:42:29 AM,6,6,576.47,48.96,21.5,99.23
8/26/2023 4:41:27 AM,4,4,579.26,49.46,21.5,99.46
8/26/2023 4:40:30 AM,7,7,571.41,49.79,21.5,99.57
8/26/2023 4:39:15 AM,9,10,573.92,50,21.5,99.39
8/26/2023 4:38:27 AM,7,7,575.06,49.33,21.5,99.32
8/26/2023 4:37:27 AM,9,10,574.61,49.56,21.5,99.55
8/26/2023 4:36:29 AM,5,5,570.39,49.83,21.5,99.47
8/26/2023 4:35:25 AM,7,8,570.16,49.38,21.5,99.42
8/26/2023 4:34:25 AM,7,7,576.92,49.78,21.5,99.54
8/26/2023 4:33:31 AM,8,9,580.74,50.41,21.5,99.75
8/26/2023 4:32:11 AM,8,9,582.49,49.62,21.4,99.46
8/26/2023 4:31:11 AM,5,5,588.22,47.35,21.4,99.35
8/26/2023 4:30:09 AM,7,7,604.06,44.9,21.5,99.14
8/26/2023 4:29:15 AM,7,7,578.82,49.02,21.4,99.86
8/26/2023 4:28:05 AM,8,9,579.37,48.03,21.4,99.68
8/26/2023 4:27:01 AM,6,6,569.53,47.4,21.3,99.87
8/26/2023 4:26:12 AM,7,7,566.25,47.75,21.3,99.63
8/26/2023 4:24:52 AM,8,9,561.53,47.07,21.3,99.47
8/26/2023 4:23:53 AM,7,7,559.63,46.29,21.4,99.54
8/26/2023 4:22:53 AM,6,6,560.42,47.42,21.3,99.62
8/26/2023 4:21:53 AM,7,7,564.59,49.06,21.3,99.24
8/26/2023 4:20:21 AM,6,6,566.6,50.32,21.3,99.2
8/26/2023 4:19:03 AM,6,6,565.75,50.79,21.3,99.31
8/26/2023 4:17:43 AM,6,6,566.92,49.85,21.3,99.17
8/26/2023 4:16:54 AM,6,6,563.34,50.22,21.3,99.16
8/26/2023 4:15:51 AM,6,6,564.71,49.29,21.3,99.68
8/26/2023 4:14:53 AM,6,6,566.04,49.69,21.3,99.74
8/26/2023 4:13:40 AM,5,5,570.41,48.53,21.3,99.23
8/26/2023 4:12:48 AM,7,7,569.43,47.42,21.3,99.21
8/26/2023 4:11:52 AM,6,6,566.84,46.57,21.3,99.36
8/26/2023 4:10:58 AM,8,9,567.11,46.63,21.3,99.18
8/26/2023 4:09:40 AM,6,6,567.12,47.92,21.3,99.14
8/26/2023 4:08:40 AM,6,6,565.49,48.92,21.3,99.65
8/26/2023 4:07:42 AM,7,8,568.63,49.44,21.3,99.24
8/26/2023 4:06:42 AM,7,7,571.47,50,21.4,99.57
8/26/2023 4:05:03 AM,6,6,566.16,50.22,21.3,99.59
8/26/2023 4:03:52 AM,6,6,566.54,50,21.3,99.19
8/26/2023 4:02:48 AM,6,6,564.85,50.02,21.4,99.24
8/26/2023 4:01:40 AM,6,6,568.43,49.76,21.3,99.12
8/26/2023 4:00:17 AM,6,6,566.95,51.01,21.4,99.77
8/26/2023 3:59:17 AM,4,4,558.37,51.68,21.5,99.62
8/26/2023 3:58:35 AM,6,6,551.95,51.72,21.4,99.61
8/26/2023 3:57:29 AM,2,2,550.15,51.81,21.5,99.13
8/26/2023 3:56:25 AM,6,7,550.4,53.42,21.5,99.35
8/26/2023 3:55:03 AM,6,6,550.75,55.62,21.5,99.14
8/26/2023 3:54:17 AM,6,6,569.93,48.56,21.5,99.18
8/26/2023 3:53:18 AM,4,4,564.72,49.08,21.5,99.6
8/26/2023 3:52:34 AM,8,9,567.47,49.44,21.5,99.4
8/26/2023 3:51:16 AM,8,9,569.93,49.58,21.5,99.82
8/26/2023 3:50:16 AM,7,7,568.77,49.04,21.5,99.72
8/26/2023 3:49:16 AM,6,6,570.76,49.04,21.5,99.3
8/26/2023 3:48:15 AM,7,8,565.75,50.07,21.5,99.27
8/26/2023 3:47:28 AM,7,7,562.76,49.17,21.3,99.16
8/26/2023 3:46:15 AM,8,9,564.12,48.33,21.3,99.4
8/26/2023 3:45:16 AM,7,7,564.47,48.74,21.4,99.58
8/26/2023 3:44:39 AM,8,9,559.68,49.86,21.3,99.25
8/26/2023 3:43:28 AM,7,7,555.94,50.13,21.4,99.84
8/26/2023 3:42:22 AM,7,7,557.66,49.89,21.3,99.14
8/26/2023 3:41:00 AM,7,7,567.23,49.51,21.3,99.53
8/26/2023 3:40:01 AM,6,6,564.5,49.41,21.3,99.2
8/26/2023 3:39:00 AM,7,7,563.09,50.43,21.3,99.76
8/26/2023 3:38:16 AM,7,7,568.05,49.85,21.3,99.66
8/26/2023 3:37:00 AM,6,6,569.75,48.76,21.3,99.21
8/26/2023 3:36:20 AM,6,6,567.71,48.25,21.3,99.69
8/26/2023 3:35:16 AM,5,5,567.29,48.32,21.3,99.83
8/26/2023 3:34:16 AM,5,5,569.47,48.66,21.3,99.23
8/26/2023 3:32:17 AM,4,4,573.94,50.21,21.3,99.54
8/26/2023 3:31:13 AM,5,5,571.32,49.94,21.3,99.58
8/26/2023 3:30:09 AM,4,4,567.03,49.22,21.3,99.48
8/26/2023 3:28:13 AM,5,5,570.27,48.24,21.3,99.82
8/26/2023 3:27:11 AM,4,4,564.67,48.45,21.3,99.75
8/26/2023 3:26:04 AM,4,4,567.46,47.97,21.3,99.61
8/26/2023 3:24:04 AM,5,5,559.37,47.79,21.3,99.54
8/26/2023 3:23:00 AM,5,5,549.77,48.6,21.3,99.67
8/26/2023 3:22:10 AM,4,4,538.54,48.93,21.3,99.46
8/26/2023 3:20:55 AM,5,5,526.51,48.71,21.3,99.35
8/26/2023 3:19:10 AM,4,4,561.07,47.76,21.3,99.82
8/26/2023 3:17:15 AM,4,4,567.85,47.67,21.3,99.42
8/26/2023 3:15:54 AM,4,4,573.35,47.11,21.3,99.79
8/26/2023 3:14:00 AM,5,5,568.31,48.2,21.3,99.16
8/26/2023 3:12:51 AM,6,6,570.91,48.42,21.3,99.81
8/26/2023 3:11:04 AM,4,4,573.06,48.48,21.3,99.69
8/26/2023 3:09:54 AM,5,5,577.83,48.66,21.3,99.49
8/26/2023 3:08:47 AM,3,3,585.71,49.02,21.3,99.58
8/26/2023 3:07:31 AM,4,4,581.85,48.65,21.3,99.17
8/26/2023 3:06:41 AM,5,5,577.1,48.01,21.2,99.83
8/26/2023 3:05:48 AM,5,5,570.31,47.28,21.3,99.68
8/26/2023 3:04:46 AM,3,3,566.16,47.6,21.3,99.74
8/26/2023 3:03:35 AM,3,3,564.04,48.68,21.2,99.66
8/26/2023 3:02:31 AM,6,6,564.56,48.11,21.3,99.46
8/26/2023 3:01:42 AM,4,4,565.81,49.33,21.2,99.59
8/26/2023 3:00:33 AM,5,5,567.21,49.19,21.2,99.23
8/26/2023 2:59:49 AM,6,6,566.99,48.99,21.2,99.81
8/26/2023 2:58:51 AM,6,6,567.27,48.35,21.2,99.46
8/26/2023 2:57:52 AM,5,5,568.03,48.18,21.2,99.36
8/26/2023 2:56:37 AM,5,5,569.09,48.79,21.2,99.24
8/26/2023 2:55:21 AM,5,5,571.69,49.36,21.2,99.57
8/26/2023 2:54:37 AM,5,5,571.56,49.03,21.1,99.61
8/26/2023 2:53:07 AM,5,5,569.76,48.84,21.1,99.59
8/26/2023 2:52:26 AM,5,5,569.68,48.94,21.1,99.19
8/26/2023 2:51:32 AM,5,5,572.62,49.14,21.1,99.24
8/26/2023 2:50:15 AM,6,6,572.13,49.25,21.2,99.12
8/26/2023 2:48:51 AM,6,6,569.72,50.25,21.1,99.52
8/26/2023 2:47:49 AM,6,7,564.13,50.86,21.1,99.87
8/26/2023 2:46:50 AM,7,8,557.07,49.82,21.1,99.46
8/26/2023 2:45:48 AM,5,5,553.37,48.85,21.1,99.35
8/26/2023 2:44:49 AM,6,6,543.61,48.79,21.1,99.14
8/26/2023 2:43:41 AM,5,5,572.36,49.52,21.1,99.65
8/26/2023 2:42:48 AM,6,6,569.43,49.83,21.1,99.71
8/26/2023 2:41:42 AM,6,7,571.36,49.97,21.2,99.48
8/26/2023 2:40:41 AM,7,8,570.65,50.51,21.2,99.78
8/26/2023 2:39:56 AM,4,4,567.86,50.19,21.2,99.79
8/26/2023 2:38:41 AM,5,5,570.68,50.24,21.2,99.14
8/26/2023 2:37:41 AM,6,6,570.45,49.39,21.2,99.24
8/26/2023 2:36:44 AM,6,6,573.95,49.52,21.2,99.52
8/26/2023 2:35:42 AM,5,5,570.8,49.74,21.3,99.87
8/26/2023 2:34:51 AM,4,4,565.57,49.51,21.3,99.48
8/26/2023 2:33:46 AM,6,6,568.89,49.86,21.3,99.83
8/26/2023 2:32:42 AM,3,3,567.85,50.35,21.3,99.71
8/26/2023 2:31:42 AM,6,6,570.84,50.38,21.3,99.8
8/26/2023 2:30:59 AM,5,5,576.45,50.14,21.3,99.36
8/26/2023 2:29:41 AM,5,5,574.5,49.51,21.2,99.69
8/26/2023 2:28:40 AM,6,6,572.04,48.82,21.2,99.84
8/26/2023 2:27:40 AM,5,5,571.08,47.94,21.3,99.55
8/26/2023 2:26:41 AM,6,6,573.62,48.32,21.3,99.16
8/26/2023 2:25:51 AM,6,6,571.79,49.03,21.2,99.68
8/26/2023 2:24:41 AM,6,6,575.02,49.21,21.3,99.29
8/26/2023 2:23:41 AM,6,6,575.79,49.3,21.3,99.29
8/26/2023 2:22:41 AM,6,6,574.73,48.89,21.3,99.76
8/26/2023 2:21:42 AM,1,1,582.48,48.05,21.3,99.56
8/26/2023 2:20:41 AM,6,6,580.82,48.32,21.3,99.57
8/26/2023 2:19:43 AM,7,7,577.18,48.79,21.2,99.54
8/26/2023 2:18:41 AM,8,9,570.47,48.74,21.3,99.46
8/26/2023 2:17:41 AM,7,7,562.98,48.24,21.3,99.85
8/26/2023 2:16:42 AM,8,9,569.14,48.11,21.3,99.47
8/26/2023 2:15:41 AM,6,6,573.05,48.65,21.3,99.19
8/26/2023 2:14:41 AM,6,6,570.63,49.69,21.3,99.84
8/26/2023 2:13:40 AM,4,4,564.54,49.86,21.3,99.16
8/26/2023 2:12:40 AM,7,7,558.35,48.64,21.3,99.75
8/26/2023 2:11:40 AM,6,6,558.79,48.98,21.3,99.46
8/26/2023 2:10:41 AM,8,9,557.43,49.39,21.3,99.35
8/26/2023 2:09:40 AM,9,10,541.86,51.3,21.3,99.14
8/26/2023 2:08:33 AM,7,7,573.86,48.44,21.3,99.13
8/26/2023 2:07:33 AM,7,7,571.09,47.99,21.3,99.4
8/26/2023 2:06:34 AM,6,6,572.24,47.51,21.3,99.74
8/26/2023 2:05:35 AM,9,10,570.76,48.53,21.3,99.45
8/26/2023 2:04:34 AM,10,11,576.51,48.44,21.3,99.61
8/26/2023 2:03:34 AM,9,10,576.27,48.02,21.4,99.12
8/26/2023 2:02:33 AM,9,10,574.06,47.99,21.4,99.73
8/26/2023 2:01:33 AM,6,6,575.62,48.16,21.5,99.15
8/26/2023 2:00:33 AM,8,9,572.56,48.94,21.3,99.84
8/26/2023 1:59:34 AM,9,10,567.37,49.19,21.3,99.63
8/26/2023 1:58:33 AM,8,9,566.27,48.38,21.3,99.47
8/26/2023 1:57:42 AM,9,10,567.48,48.12,21.3,99.27
8/26/2023 1:56:33 AM,9,10,574.21,47.7,21.3,99.66
8/26/2023 1:55:33 AM,9,10,573.82,47.5,21.3,99.29
8/26/2023 1:54:33 AM,9,10,576.82,47.19,21.3,99.67
8/26/2023 1:53:34 AM,10,11,574.98,47.97,21.3,99.72
8/26/2023 1:52:34 AM,6,6,572.71,48.96,21.3,99.55
8/26/2023 1:51:34 AM,8,9,563.98,48.59,21.3,99.16
8/26/2023 1:50:34 AM,9,10,562.2,49.48,21.3,99.76
8/26/2023 1:49:34 AM,6,6,566.17,50.09,21.3,99.36
8/26/2023 1:48:34 AM,7,7,570.69,49.89,21.3,99.13
8/26/2023 1:47:34 AM,5,5,575.74,49.2,21.3,99.36
8/26/2023 1:46:33 AM,8,9,569.5,49.53,21.3,99.17
8/26/2023 1:45:33 AM,8,9,560.96,49.62,21.3,99.64
8/26/2023 1:44:33 AM,7,7,562.34,49.58,21.3,99.23
8/26/2023 1:43:33 AM,5,5,568.52,49.35,21.3,99.86
8/26/2023 1:42:33 AM,4,4,571.17,48.71,21.3,99.61
8/26/2023 1:41:33 AM,8,9,564.48,47.99,21.3,99.59
8/26/2023 1:40:47 AM,4,4,569.7,48.85,21.3,99.41
8/26/2023 1:39:35 AM,5,6,573.57,49.85,21.3,99.84
8/26/2023 1:38:34 AM,4,4,564.74,49.95,21.4,99.16
8/26/2023 1:37:34 AM,6,6,559.55,49.7,21.3,99.75
8/26/2023 1:36:34 AM,5,5,562.27,49.31,21.3,99.46
8/26/2023 1:35:33 AM,6,6,558.57,50.94,21.3,99.35
8/26/2023 1:34:33 AM,5,5,555.88,53.86,21.3,99.14
8/26/2023 1:33:30 AM,7,7,565.23,49.28,21.3,99.27
8/26/2023 1:32:30 AM,6,6,567.2,48.83,21.3,99.13
8/26/2023 1:31:30 AM,6,6,580.94,49.48,21.3,99.51
8/26/2023 1:30:29 AM,6,6,583.25,50.25,21.3,99.79
8/26/2023 1:29:29 AM,6,6,575.74,49.68,21.3,99.34
8/26/2023 1:28:29 AM,6,6,568.38,48.6,21.3,99.18
8/26/2023 1:27:29 AM,7,7,570.66,48.08,21.3,99.2
8/26/2023 1:26:29 AM,6,6,573,47.76,21.3,99.5
8/26/2023 1:25:29 AM,7,7,570.36,48.05,21.3,99.34
8/26/2023 1:24:30 AM,5,5,571.3,48.09,21.3,99.14
8/26/2023 1:23:29 AM,6,6,573,47.73,21.3,99.3
8/26/2023 1:22:30 AM,6,6,581.3,48.22,21.3,99.27
8/26/2023 1:21:30 AM,4,4,571.34,48.05,21.3,99.81
8/26/2023 1:20:30 AM,8,9,571.53,48.52,21.3,99.43
8/26/2023 1:19:30 AM,5,6,574.37,47.64,21.3,99.49
8/26/2023 1:18:30 AM,6,6,577.94,48.02,21.3,99.14
8/26/2023 1:17:29 AM,5,5,579.11,47.44,21.3,99.53
8/26/2023 1:16:29 AM,5,5,580.54,48.01,21.3,99.2
8/26/2023 1:15:29 AM,7,7,582.39,48.72,21.3,99.76
8/26/2023 1:14:30 AM,5,5,582.71,50.16,21.3,99.16
8/26/2023 1:13:29 AM,7,7,577.03,50.24,21.3,99.55
8/26/2023 1:12:29 AM,4,4,571.93,48.25,21.3,99.18
8/26/2023 1:11:48 AM,5,5,573.39,48.39,21.3,99.67
8/26/2023 1:10:44 AM,5,5,572.09,48.01,21.3,99.23
8/26/2023 1:09:30 AM,5,5,573.79,48.31,21.3,99.6
8/26/2023 1:08:26 AM,6,6,568.87,49.08,21.2,99.87
8/26/2023 1:07:26 AM,6,6,568.15,48.87,21.2,99.76
8/26/2023 1:06:26 AM,5,5,574.45,48.44,21.2,99.82
8/26/2023 1:05:26 AM,5,5,577.99,47.91,21.2,99.55
8/26/2023 1:04:30 AM,5,5,578.43,48.16,21.3,99.57
8/26/2023 1:03:28 AM,5,5,583.08,47.57,21.3,99.16
8/26/2023 1:02:26 AM,6,6,585.96,47.32,21.3,99.75
8/26/2023 1:01:27 AM,6,6,578.59,45.34,21.3,99.46
8/26/2023 1:00:28 AM,7,7,578.53,42.6,21.2,99.35
8/26/2023 12:59:26 AM,6,6,580.28,40.6,21.2,99.14
8/26/2023 12:58:34 AM,6,6,568.35,47.93,21.2,99.71
8/26/2023 12:57:37 AM,5,5,570.93,47.61,21.2,99.88
8/26/2023 12:56:35 AM,6,6,576.25,48.41,21.3,99.63
8/26/2023 12:55:47 AM,7,7,582.63,48.37,21.3,99.34
8/26/2023 12:54:35 AM,7,7,574.9,48.26,21.3,99.34
8/26/2023 12:53:41 AM,7,7,577,49.06,21.3,99.6
8/26/2023 12:52:35 AM,6,6,578.96,49.36,21.3,99.65
8/26/2023 12:51:34 AM,5,5,576.11,49.85,21.3,99.15
8/26/2023 12:50:45 AM,5,5,575.84,50.24,21.3,99.63
8/26/2023 12:49:34 AM,6,6,572.57,51.4,21.3,99.47
8/26/2023 12:48:46 AM,7,7,565.34,50.76,21.3,99.27
8/26/2023 12:47:34 AM,8,9,562.94,50.1,21.3,99.66
8/26/2023 12:46:45 AM,7,7,564.68,49.84,21.3,99.82
8/26/2023 12:45:44 AM,8,9,570.94,49.6,21.3,99.24
8/26/2023 12:44:30 AM,8,9,573.05,49.35,21.4,99.67
8/26/2023 12:43:20 AM,7,7,562.5,48.6,21.4,99.72
8/26/2023 12:42:21 AM,8,9,557.11,48.31,21.5,99.46
8/26/2023 12:41:21 AM,7,7,558.3,48.61,21.5,99.83
8/26/2023 12:40:20 AM,6,6,561.08,48.92,21.5,99.26
8/26/2023 12:39:22 AM,7,7,567.43,47.7,21.5,99.36
8/26/2023 12:38:21 AM,7,7,558.58,46.76,21.5,99.13
8/26/2023 12:37:21 AM,7,7,562.12,46.53,21.5,99.36
8/26/2023 12:36:21 AM,6,6,567.71,45.7,21.5,99.17
8/26/2023 12:35:21 AM,6,6,567.78,46.38,21.5,99.64
8/26/2023 12:34:21 AM,6,6,566.24,46.76,21.5,99.23
8/26/2023 12:33:22 AM,6,6,564.77,46.67,21.5,99.56
8/26/2023 12:32:21 AM,7,8,573.12,48.32,21.5,99.82
8/26/2023 12:31:21 AM,8,9,574.96,48.8,21.5,99.39
8/26/2023 12:30:22 AM,5,5,576.65,48.29,21.5,99.55
8/26/2023 12:29:21 AM,6,6,572.43,46.83,21.5,99.12
8/26/2023 12:28:20 AM,6,6,573.52,45.87,21.5,99.77
8/26/2023 12:27:23 AM,6,6,580.14,46.46,21.5,99.87
8/26/2023 12:26:20 AM,7,7,587.99,46.26,21.5,99.43
8/26/2023 12:25:20 AM,4,5,593.58,46.32,21.5,99.52
8/26/2023 12:24:23 AM,6,6,605.04,45.77,21.5,99.14
8/26/2023 12:23:32 AM,6,6,568.8,49.73,21.5,99.26
8/26/2023 12:22:35 AM,7,7,575.51,49.43,21.6,99.69
8/26/2023 12:21:32 AM,7,8,572.97,49.56,21.6,99.2
8/26/2023 12:20:32 AM,6,6,571.58,50.38,21.6,99.12
8/26/2023 12:19:33 AM,7,7,566.79,50.27,21.6,99.15
8/26/2023 12:18:32 AM,6,6,569.44,48.84,21.6,99.84
8/26/2023 12:17:34 AM,6,6,573.19,48.36,21.6,99.41
8/26/2023 12:16:32 AM,6,6,577.44,48.46,21.6,99.29
8/26/2023 12:15:32 AM,7,7,579.4,48.6,21.6,99.42
8/26/2023 12:14:34 AM,6,6,581.43,48.08,21.6,99.66
8/26/2023 12:13:34 AM,9,10,585.99,47.56,21.6,99.36
8/26/2023 12:12:34 AM,9,10,580.05,48.59,21.6,99.69
8/26/2023 12:11:33 AM,6,6,574.5,49.46,21.6,99.84
8/26/2023 12:10:32 AM,9,10,572.69,49.67,21.6,99.55
8/26/2023 12:09:33 AM,9,10,572.74,49.08,21.6,99.16
8/26/2023 12:08:32 AM,8,10,574.21,48.55,21.6,99.76
8/26/2023 12:07:33 AM,9,10,572.41,49.01,21.6,99.36
8/26/2023 12:06:33 AM,9,10,570.44,49.26,21.6,99.13
8/26/2023 12:05:33 AM,9,10,576.87,49.4,21.6,99.69
8/26/2023 12:04:50 AM,10,11,576.75,48.86,21.6,99.83
8/26/2023 12:03:44 AM,9,10,575.27,48.96,21.6,99.23
8/26/2023 12:02:22 AM,11,12,570.3,49.31,21.6,99.56
8/26/2023 12:01:40 AM,8,9,568.72,49.09,21.6,99.54
8/26/2023 12:00:20 AM,11,12,569.41,48.72,21.6,99.46
8/25/2023 11:59:20 PM,10,11,576.85,49.12,21.6,99.85
8/25/2023 11:58:19 PM,10,11,575.9,48.83,21.6,99.48
8/25/2023 11:57:19 PM,12,13,575.6,49.2,21.6,99.41
8/25/2023 11:56:34 PM,11,12,570.6,48.82,21.6,99.6
8/25/2023 11:55:45 PM,14,15,569.95,49.41,21.6,99.75
8/25/2023 11:54:30 PM,10,11,567.63,49.88,21.6,99.16
8/25/2023 11:53:28 PM,14,15,569.44,49.7,21.6,99.58
8/25/2023 11:52:25 PM,12,13,578.74,50.08,21.7,99.12
8/25/2023 11:51:12 PM,17,19,584.76,50.52,21.6,99.13
8/25/2023 11:50:12 PM,17,19,591.98,50.67,21.7,99.33
8/25/2023 11:49:30 PM,17,19,599.5,50.74,21.6,99.14
8/25/2023 11:48:12 PM,19,21,576.47,50.36,21.7,99.55
8/25/2023 11:47:14 PM,19,21,574.79,49.5,21.7,99.76
8/25/2023 11:46:12 PM,17,19,581.23,50.01,21.6,99.72
8/25/2023 11:45:13 PM,16,18,577.15,49.91,21.6,99.12
8/25/2023 11:44:13 PM,18,20,584.58,49.65,21.7,99.51
8/25/2023 11:43:14 PM,18,21,586.54,50.51,21.7,99.19
8/25/2023 11:42:15 PM,17,20,591.73,50.03,21.6,99.46
8/25/2023 11:41:16 PM,12,13,585,48.74,21.7,99.87
8/25/2023 11:40:30 PM,13,14,584.09,48.35,21.7,99.63
8/25/2023 11:39:05 PM,14,15,581.14,48.08,21.7,99.47
8/25/2023 11:38:13 PM,12,13,571.92,48.68,21.7,99.27
8/25/2023 11:37:10 PM,11,12,565.68,48.95,21.7,99.23
8/25/2023 11:36:05 PM,12,13,560.48,48.2,21.7,99.36
8/25/2023 11:35:13 PM,11,12,565.73,48.2,21.6,99.58
8/25/2023 11:34:08 PM,12,13,573.37,49.15,21.7,99.28
8/25/2023 11:33:04 PM,11,12,575.79,49.51,21.7,99.78
8/25/2023 11:32:07 PM,10,11,577.42,48.83,21.7,99.53
8/25/2023 11:31:06 PM,10,11,573.31,48.28,21.7,99.2
8/25/2023 11:30:05 PM,9,11,577.27,49.18,21.7,99.74
8/25/2023 11:29:04 PM,9,10,580.27,48.69,21.7,99.23
8/25/2023 11:28:23 PM,11,12,577.2,48.47,21.7,99.14
8/25/2023 11:27:05 PM,10,11,574.63,48.5,21.7,99.29
8/25/2023 11:26:06 PM,9,10,578.95,49.14,21.7,99.17
8/25/2023 11:25:04 PM,9,10,574.91,49,21.7,99.64
8/25/2023 11:24:03 PM,11,13,573.23,50.25,21.7,99.23
8/25/2023 11:23:07 PM,8,9,565.15,50.61,21.7,99.87
8/25/2023 11:22:04 PM,9,10,563.41,50.08,21.7,99.76
8/25/2023 11:21:04 PM,11,12,564.37,48.72,21.7,99.82
8/25/2023 11:20:04 PM,10,11,562.74,48.56,21.7,99.55
8/25/2023 11:19:03 PM,8,9,562.1,48.87,21.7,99.12
8/25/2023 11:18:04 PM,9,10,567.98,48.57,21.7,99.77
8/25/2023 11:17:04 PM,8,9,576.74,49.06,21.7,99.62
8/25/2023 11:16:05 PM,8,9,585.57,49.02,21.7,99.43
8/25/2023 11:15:03 PM,10,11,590.55,49.78,21.7,99.52
8/25/2023 11:14:04 PM,9,10,593.17,51.73,21.7,99.14
8/25/2023 11:13:20 PM,10,11,573.76,47.6,21.7,99.35
8/25/2023 11:12:38 PM,8,9,572.47,48.76,21.7,99.62
8/25/2023 11:11:15 PM,9,10,570.85,47.82,21.7,99.7
8/25/2023 11:10:15 PM,9,10,574.81,48.5,21.7,99.4
8/25/2023 11:09:30 PM,10,11,574.45,48.31,21.7,99.46
8/25/2023 11:08:15 PM,12,13,571.03,47.07,21.7,99.73
8/25/2023 11:07:24 PM,10,11,573.54,46.63,21.7,99.14
8/25/2023 11:06:36 PM,9,10,576.55,46.98,21.7,99.29
8/25/2023 11:05:07 PM,8,9,579.89,48.33,21.7,99.42
8/25/2023 11:04:21 PM,10,11,579.95,48.74,21.7,99.79
8/25/2023 11:03:17 PM,7,7,576.74,49.17,21.8,99.82
8/25/2023 11:02:17 PM,9,10,579.64,48.87,21.8,99.24
8/25/2023 11:00:07 PM,8,9,571,46.93,21.7,99.31
8/25/2023 10:59:07 PM,10,11,565.44,47.49,21.7,99.45
8/25/2023 10:58:08 PM,7,7,575.55,48.25,21.8,99.83
8/25/2023 10:57:09 PM,8,9,578.51,48.59,21.7,99.44
8/25/2023 10:56:08 PM,8,9,576.72,48.66,21.8,99.66
8/25/2023 10:55:17 PM,10,11,577.35,48.39,21.8,99.14
8/25/2023 10:54:10 PM,10,11,563.36,47.09,21.8,99.36
8/25/2023 10:53:07 PM,10,11,563.08,48.42,21.8,99.17
8/25/2023 10:52:07 PM,13,14,571.35,49.3,21.8,99.64
8/25/2023 10:51:08 PM,11,12,575.75,49.75,21.8,99.23
8/25/2023 10:50:26 PM,11,12,578.27,49.99,21.8,99.6
8/25/2023 10:49:08 PM,11,12,575.63,50.48,21.8,99.51
8/25/2023 10:48:08 PM,13,14,576.92,50.31,21.8,99.47
8/25/2023 10:47:43 PM,6,6,584.56,49.91,21.8,99.47
8/25/2023 10:46:05 PM,9,10,591.62,48.32,21.8,99.17
8/25/2023 10:45:07 PM,12,13,591.66,48.29,21.8,99.12
8/25/2023 10:44:11 PM,8,9,589.06,48.66,21.8,99.3
8/25/2023 10:43:15 PM,9,10,584.49,48.74,21.8,99.12
8/25/2023 10:41:56 PM,6,6,582.47,48.26,21.8,99.5
8/25/2023 10:40:14 PM,7,7,596.73,46.91,21.8,99.35
8/25/2023 10:38:11 PM,5,5,581.25,48.76,21.8,99.45
8/25/2023 10:37:13 PM,7,8,576.81,48.87,21.8,99.81
8/25/2023 10:36:12 PM,7,7,572.16,48.67,21.8,99.62
8/25/2023 10:35:30 PM,7,7,569.94,48.73,21.8,99.34
8/25/2023 10:34:21 PM,8,9,572.81,48.46,21.8,99.6
8/25/2023 10:33:08 PM,9,10,580.55,48.76,21.8,99.65
8/25/2023 10:32:08 PM,7,7,576.24,48.65,21.8,99.15
8/25/2023 10:31:27 PM,7,7,575.9,48.39,21.8,99.72
8/25/2023 10:30:09 PM,7,7,576.8,48.49,21.8,99.84
8/25/2023 10:29:07 PM,6,6,574.13,48.99,21.8,99.76
8/25/2023 10:28:13 PM,6,7,578.38,48.72,21.8,99.79
8/25/2023 10:27:16 PM,8,9,579.67,49.07,21.8,99.82
8/25/2023 10:26:15 PM,7,7,575.29,50.1,21.8,99.24
8/25/2023 10:25:08 PM,5,5,582.84,50.06,21.8,99.46
8/25/2023 10:24:10 PM,6,6,586.6,49.47,21.8,99.31
8/25/2023 10:23:09 PM,7,7,581.5,48.64,21.8,99.17
8/25/2023 10:22:08 PM,7,7,579.26,47.94,21.8,99.55
8/25/2023 10:21:14 PM,7,7,578.18,48.58,21.8,99.26
8/25/2023 10:20:08 PM,6,6,574.89,48.57,21.8,99.82
8/25/2023 10:19:08 PM,5,5,577.76,48.17,21.8,99.13
8/25/2023 10:18:13 PM,8,9,580.91,48.02,21.8,99.69
8/25/2023 10:17:08 PM,6,6,580.63,48.59,21.8,99.67
8/25/2023 10:16:13 PM,6,6,577.1,48.58,21.8,99.57
8/25/2023 10:15:07 PM,7,7,578.73,48.8,21.8,99.6
8/25/2023 10:14:07 PM,7,7,580.21,48.86,21.8,99.87
8/25/2023 10:13:07 PM,7,7,581.44,48.41,21.8,99.76
8/25/2023 10:12:09 PM,6,6,582.76,48.75,21.8,99.48
8/25/2023 10:11:13 PM,7,7,580.72,49.34,21.8,99.19
8/25/2023 10:10:14 PM,4,4,582.99,48.87,21.8,99.47
8/25/2023 10:09:07 PM,6,6,584.22,47.93,21.8,99.3
8/25/2023 10:08:26 PM,6,6,586.26,47.88,21.8,99.12
8/25/2023 10:07:23 PM,3,3,585.77,48.15,21.8,99.87
8/25/2023 10:05:49 PM,7,7,586.19,47.05,21.8,99.43
8/25/2023 10:04:55 PM,7,7,590.36,46.23,21.8,99.35
8/25/2023 10:03:02 PM,5,5,569.15,49.13,21.7,99.31
8/25/2023 10:02:09 PM,6,6,567.25,49.71,21.8,99.78
8/25/2023 10:01:02 PM,5,5,569.12,50.2,21.8,99.29
8/25/2023 9:59:03 PM,6,6,575.85,49.06,21.8,99.27
8/25/2023 9:57:58 PM,7,7,574.85,49.03,21.8,99.5
8/25/2023 9:56:01 PM,9,10,578.94,49,21.8,99.48
8/25/2023 9:55:05 PM,7,7,571.65,47.87,21.8,99.47
8/25/2023 9:53:03 PM,6,6,572.64,47.14,21.8,99.23
8/25/2023 9:51:56 PM,7,7,572.71,47.73,21.8,99.36
8/25/2023 9:50:02 PM,7,7,569.86,47.6,21.8,99.28
8/25/2023 9:48:03 PM,7,7,576.31,47.47,21.8,99.45
8/25/2023 9:46:56 PM,5,5,583.24,48.81,21.8,99.83
8/25/2023 9:45:55 PM,9,10,580.52,48.87,21.8,99.71
8/25/2023 9:44:56 PM,8,9,574.71,48.63,21.8,99.66
8/25/2023 9:43:56 PM,6,6,570.7,48.52,21.8,99.46
8/25/2023 9:42:57 PM,7,9,571.96,49.08,21.8,99.52
8/25/2023 9:41:58 PM,8,9,575.93,50.04,21.8,99.67
8/25/2023 9:40:55 PM,6,6,569.92,50.06,21.8,99.49
8/25/2023 9:39:58 PM,6,6,566.18,49.62,21.8,99.68
8/25/2023 9:38:56 PM,7,7,570.66,49.52,21.8,99.86
8/25/2023 9:37:57 PM,7,7,575.14,49.35,21.7,99.82
8/25/2023 9:36:14 PM,6,6,578.52,49.51,21.7,99.75
8/25/2023 9:35:04 PM,8,9,583.05,49.17,21.7,99.61
8/25/2023 9:33:56 PM,7,7,582,49.28,21.7,99.84
8/25/2023 9:32:54 PM,7,9,584.63,48.96,21.7,99.74
8/25/2023 9:31:55 PM,5,5,596.41,47.35,21.7,99.86
8/25/2023 9:30:54 PM,7,8,609.11,47.04,21.7,99.52
8/25/2023 9:29:12 PM,7,7,646.15,43.99,21.7,99.14
8/25/2023 9:26:56 PM,5,5,587.23,48.52,21.7,99.2
8/25/2023 9:25:56 PM,6,6,580.29,48.36,21.7,99.12
8/25/2023 9:24:01 PM,6,6,582.74,48.58,21.7,99.18
8/25/2023 9:23:15 PM,8,9,577.65,48.46,21.7,99.73
8/25/2023 9:22:12 PM,6,6,576.37,49.53,21.7,99.48
8/25/2023 9:21:13 PM,8,9,579.21,50.08,21.6,99.29
8/25/2023 9:20:04 PM,7,7,577.59,50.01,21.7,99.76
8/25/2023 9:19:01 PM,8,9,574.84,49.59,21.7,99.79
8/25/2023 9:17:03 PM,7,7,586.39,48.77,21.6,99.69
8/25/2023 9:16:03 PM,6,6,586.45,49.75,21.7,99.49
8/25/2023 9:15:03 PM,8,9,588.49,49.9,21.6,99.31
8/25/2023 9:13:07 PM,7,8,574.82,50.16,21.6,99.25
8/25/2023 9:11:00 PM,6,6,577.77,50.9,21.6,99.82
8/25/2023 9:09:02 PM,6,6,580.47,49.16,21.6,99.69
8/25/2023 9:07:15 PM,7,7,580.09,48.42,21.6,99.64
8/25/2023 9:06:11 PM,5,5,574.43,48.57,21.6,99.49
8/25/2023 9:04:00 PM,6,7,580.84,48.08,21.6,99.48
8/25/2023 9:03:12 PM,6,7,580.1,48.35,21.6,99.76
8/25/2023 9:02:02 PM,7,7,575.44,49.15,21.6,99.47
8/25/2023 9:00:56 PM,6,6,577.75,48.92,21.6,99.19
8/25/2023 8:59:54 PM,5,5,583.93,48.74,21.6,99.84
8/25/2023 8:58:54 PM,6,7,592.34,49.29,21.6,99.16
8/25/2023 8:57:12 PM,5,5,603.02,47.94,21.6,99.86
8/25/2023 8:55:05 PM,5,5,593.22,47.79,21.6,99.75
8/25/2023 8:53:47 PM,5,6,585.91,47.48,21.5,99.14
8/25/2023 8:52:28 PM,6,6,575.18,48.02,21.5,99.34
8/25/2023 8:51:32 PM,4,4,573.2,48.75,21.5,99.2
8/25/2023 8:48:00 PM,5,5,583.08,49.59,21.5,99.72
8/25/2023 8:46:00 PM,6,6,585.93,50.07,21.5,99.76
8/25/2023 8:45:07 PM,5,5,583.31,49.79,21.6,99.41
8/25/2023 8:44:00 PM,6,6,573.16,49.74,21.5,99.81
8/25/2023 8:42:05 PM,5,5,573.05,48.77,21.6,99.25
8/25/2023 8:40:57 PM,4,4,572.8,48.05,21.6,99.58
8/25/2023 8:39:12 PM,5,5,582.82,48.26,21.5,99.87
8/25/2023 8:37:57 PM,6,6,579.33,48.17,21.5,99.68
8/25/2023 8:36:56 PM,6,6,585.93,48.6,21.5,99.29
8/25/2023 8:35:59 PM,6,6,586.8,48.89,21.5,99.13
8/25/2023 8:34:56 PM,7,7,584.52,48.16,21.5,99.31
8/25/2023 8:33:09 PM,4,4,578.99,47.41,21.6,99.75
8/25/2023 8:32:13 PM,4,4,576.9,47.61,21.6,99.23
8/25/2023 8:30:44 PM,4,4,577.9,48.52,21.5,99.6
8/25/2023 8:29:43 PM,4,4,582.9,48.07,21.5,99.46
8/25/2023 8:28:00 PM,6,6,583.25,47.17,21.6,99.25
8/25/2023 8:26:01 PM,4,4,586.47,46.32,21.6,99.19
8/25/2023 8:24:37 PM,6,6,587.35,47.99,21.6,99.84
8/25/2023 8:23:56 PM,7,7,587.67,48.99,21.6,99.84
8/25/2023 8:22:26 PM,3,3,584.03,48.8,21.6,99.74
8/25/2023 8:21:26 PM,6,6,577.74,47.22,21.6,99.86
8/25/2023 8:20:33 PM,6,7,568.31,47.29,21.6,99.13
8/25/2023 8:19:26 PM,5,5,553.7,46.16,21.6,99.33
8/25/2023 8:18:45 PM,7,7,545.78,45.81,21.6,99.14
8/25/2023 8:17:44 PM,6,6,580.59,48.13,21.6,99.48
8/25/2023 8:16:38 PM,3,3,576.85,48.02,21.6,99.78
8/25/2023 8:15:37 PM,6,6,582.61,47.95,21.6,99.62
8/25/2023 8:14:39 PM,4,4,582.17,47.72,21.6,99.39
8/25/2023 8:13:44 PM,6,6,575.35,47.66,21.6,99.19
8/25/2023 8:12:37 PM,6,6,573.23,47.81,21.6,99.68
8/25/2023 8:11:38 PM,6,6,575.07,48.93,21.6,99.14
8/25/2023 8:10:45 PM,7,7,583.85,48.67,21.6,99.42
8/25/2023 8:09:37 PM,7,7,588.69,48.02,21.6,99.53
8/25/2023 8:08:47 PM,8,9,589.42,48.12,21.6,99.4
8/25/2023 8:07:38 PM,7,7,584.3,48.71,21.6,99.8
8/25/2023 8:06:43 PM,5,5,584.01,48.43,21.7,99.24
8/25/2023 8:05:37 PM,6,6,580.43,49.21,21.7,99.63
8/25/2023 8:04:39 PM,8,9,586.86,49.67,21.6,99.62
8/25/2023 8:03:44 PM,6,6,583.02,49.11,21.7,99.46
8/25/2023 8:02:38 PM,4,4,579.41,48.49,21.7,99.83
8/25/2023 8:01:39 PM,6,6,579.15,48.76,21.6,99.76
8/25/2023 8:00:40 PM,5,5,583.29,48.97,21.7,99.15
8/25/2023 7:59:39 PM,6,6,586.42,48.16,21.6,99.8
8/25/2023 7:58:50 PM,7,7,583.25,47.86,21.6,99.62
8/25/2023 7:57:37 PM,6,6,586.07,47.38,21.6,99.12
8/25/2023 7:56:32 PM,8,9,594.62,47.13,21.7,99.7
8/25/2023 7:55:33 PM,7,7,591.88,46.52,21.6,99.46
8/25/2023 7:54:38 PM,7,7,595.47,46.9,21.7,99.68
8/25/2023 7:53:49 PM,8,9,599.37,47.12,21.7,99.46
8/25/2023 7:52:08 PM,7,8,592.09,48.24,21.7,99.25
8/25/2023 7:50:30 PM,6,6,599.62,48.65,21.7,99.59
8/25/2023 7:49:18 PM,7,8,601.38,48.24,21.7,99.17
8/25/2023 7:48:21 PM,7,7,598.69,48.62,21.7,99.34
8/25/2023 7:47:21 PM,8,9,598.51,48.63,21.7,99.77
8/25/2023 7:46:25 PM,5,5,595.15,48.51,21.7,99.87
8/25/2023 7:45:19 PM,6,6,598.33,49.6,21.7,99.43
8/25/2023 7:44:18 PM,6,6,621,51.14,21.7,99.52
8/25/2023 7:43:20 PM,5,5,643.47,53.33,21.7,99.14
8/25/2023 7:42:06 PM,6,6,584.84,47.76,21.7,99.5
8/25/2023 7:40:54 PM,6,6,594.15,48.73,21.7,99.34
8/25/2023 7:39:54 PM,6,6,597.24,49.09,21.7,99.14
8/25/2023 7:38:00 PM,8,9,592.72,48.63,21.7,99.4
8/25/2023 7:36:53 PM,7,7,593.03,47.88,21.7,99.16
8/25/2023 7:35:56 PM,6,6,594.83,48.15,21.7,99.88
8/25/2023 7:34:57 PM,6,6,597.67,48.82,21.7,99.63
8/25/2023 7:33:53 PM,6,6,599.43,49.75,21.7,99.58
8/25/2023 7:32:02 PM,5,5,591.65,48.11,21.7,99.83
8/25/2023 7:30:54 PM,5,5,582.09,47.92,21.7,99.26
8/25/2023 7:29:34 PM,6,6,590.76,48,21.7,99.16
8/25/2023 7:27:44 PM,6,6,593.27,48.58,21.7,99.62
8/25/2023 7:26:40 PM,7,7,598.38,48.36,21.7,99.83
8/25/2023 7:25:39 PM,5,5,599.7,48.97,21.7,99.64
8/25/2023 7:24:40 PM,6,6,598.21,48.58,21.7,99.38
8/25/2023 7:23:44 PM,6,6,590.97,47.34,21.7,99.71
8/25/2023 7:22:38 PM,7,7,588.98,46.82,21.8,99.22
8/25/2023 7:21:44 PM,8,9,591.8,46.95,21.7,99.25
8/25/2023 7:20:39 PM,7,7,592.58,46.95,21.8,99.47
8/25/2023 7:19:58 PM,7,7,594.05,46.41,21.8,99.55
8/25/2023 7:18:26 PM,9,10,597.37,47.02,21.7,99.57
8/25/2023 7:17:21 PM,9,10,591.26,47.95,21.7,99.52
8/25/2023 7:16:40 PM,8,9,589.92,48,21.7,100
8/25/2023 7:15:21 PM,8,9,589.95,48.3,21.7,99.19
8/25/2023 7:14:11 PM,8,9,591.82,48.69,21.7,99.56
8/25/2023 7:13:09 PM,7,7,594.79,47.92,21.7,99.71
8/25/2023 7:12:10 PM,9,10,598.15,48.12,21.8,99.27
8/25/2023 7:11:13 PM,8,10,599.25,48.01,21.8,100
8/25/2023 7:10:10 PM,8,9,607.65,46.95,21.8,100
8/25/2023 7:09:10 PM,7,7,628.72,46.98,21.8,100
8/25/2023 7:08:09 PM,7,7,644.8,46.79,21.7,99.14
8/25/2023 7:07:28 PM,8,9,601.53,48.13,21.7,99.56
8/25/2023 7:06:28 PM,7,7,600.71,47.96,21.8,99.51
8/25/2023 7:05:29 PM,5,5,597.3,47.93,21.8,99.84
8/25/2023 7:04:35 PM,7,7,601.05,47.74,21.7,100
8/25/2023 7:03:47 PM,5,5,599.16,47.43,21.8,99.56
8/25/2023 7:02:13 PM,7,7,598.07,47.72,21.8,100
8/25/2023 7:01:20 PM,7,7,601.43,47.85,21.7,100
8/25/2023 7:00:13 PM,7,7,602.79,47.67,21.7,100
8/25/2023 6:59:13 PM,8,9,605.87,47.74,21.8,100
8/25/2023 6:58:14 PM,8,9,607.02,48.34,21.7,100
8/25/2023 6:57:15 PM,8,9,610.9,47.61,21.7,100
8/25/2023 6:56:14 PM,9,10,612.93,46.72,21.7,100
8/25/2023 6:55:13 PM,10,11,607.99,46.41,21.7,100
8/25/2023 6:54:14 PM,9,10,614.5,46.25,21.7,100
8/25/2023 6:53:14 PM,9,10,612.81,46.15,21.7,100
8/25/2023 6:52:15 PM,8,9,610.94,46.57,21.7,100
8/25/2023 6:51:20 PM,8,9,615.23,46.2,21.7,100
8/25/2023 6:50:25 PM,10,11,616.04,45.81,21.7,100
8/25/2023 6:49:13 PM,12,13,626.3,45.82,21.7,100
8/25/2023 6:48:15 PM,10,11,614.83,46,21.7,100
8/25/2023 6:47:15 PM,11,12,609.91,46.85,21.7,100
8/25/2023 6:46:21 PM,13,14,608.84,46.5,21.7,100
8/25/2023 6:45:32 PM,13,14,610.53,46.11,21.7,100
8/25/2023 6:44:19 PM,11,12,612.24,45.65,21.7,100
8/25/2023 6:43:02 PM,11,12,606.82,45.81,21.7,100
8/25/2023 6:42:01 PM,11,12,611.48,45.59,21.7,100
8/25/2023 6:41:01 PM,11,12,609.22,46.18,21.7,100
8/25/2023 6:40:19 PM,12,13,612.07,45.99,21.7,100
8/25/2023 6:39:10 PM,14,15,611.17,46,21.7,100
8/25/2023 6:38:01 PM,13,14,614.15,46.27,21.8,100
8/25/2023 6:37:05 PM,12,13,613.31,45.79,21.8,100
8/25/2023 6:36:04 PM,14,15,604.64,46.01,21.8,100
8/25/2023 6:35:02 PM,11,12,591.6,45.92,21.8,100
8/25/2023 6:34:10 PM,13,14,574.39,45.21,21.8,99
8/25/2023 6:33:03 PM,13,14,552.39,42.61,21.8,100
8/25/2023 6:31:54 PM,11,12,620.45,46.46,21.8,100
8/25/2023 6:30:53 PM,11,12,617.91,44.65,21.8,100
8/25/2023 6:29:52 PM,13,14,619.88,43.59,21.8,100
8/25/2023 6:28:53 PM,11,12,629.16,45.19,21.9,100
8/25/2023 6:27:53 PM,11,12,627.13,46.76,21.9,100
8/25/2023 6:26:52 PM,10,11,624.99,46.81,21.9,99
8/25/2023 6:25:01 PM,9,10,621.89,45.75,21.9,99
8/25/2023 6:23:52 PM,8,9,624.15,46.13,22,99
8/25/2023 6:22:52 PM,8,9,623.1,45.69,22,99
8/25/2023 6:21:58 PM,11,13,630.68,46.65,21.9,99
8/25/2023 6:20:03 PM,9,10,630.16,47.24,22,99
8/25/2023 6:18:52 PM,9,10,630.86,46.94,22,99
8/25/2023 6:17:54 PM,9,10,639.4,46.76,22,99
8/25/2023 6:16:57 PM,8,9,641.63,46.7,22.1,99
8/25/2023 6:15:59 PM,7,8,640,47.36,22,99
8/25/2023 6:14:52 PM,10,11,632.66,48.03,22.1,99
8/25/2023 6:13:55 PM,11,12,633.58,47.1,22.1,98
8/25/2023 6:12:10 PM,10,11,631.6,46.18,22.1,98
8/25/2023 6:10:53 PM,11,12,630.27,46.14,22.2,98
8/25/2023 6:09:53 PM,10,11,632.06,45.8,22.2,98
8/25/2023 6:08:54 PM,10,11,630.08,46.85,22.2,97
8/25/2023 6:07:53 PM,10,12,629.48,46.83,22.2,97
8/25/2023 6:06:55 PM,8,9,636.16,45.55,22.2,97
8/25/2023 6:05:53 PM,9,10,636.85,44.75,22.3,97
8/25/2023 6:04:54 PM,8,9,636.18,45.28,22.3,97
8/25/2023 6:03:11 PM,8,9,642.58,45.68,22.3,97
8/25/2023 6:02:07 PM,8,9,638.59,45.21,22.3,97
8/25/2023 6:00:52 PM,7,7,632.83,43.51,22.4,96
8/25/2023 5:59:03 PM,8,9,627.47,41.64,22.4,96
8/25/2023 5:57:52 PM,6,6,611.98,40.57,22.5,96
8/25/2023 5:56:55 PM,8,9,643.33,44.23,22.5,96
8/25/2023 5:55:40 PM,7,7,642.99,44.29,22.5,96
8/25/2023 5:54:43 PM,8,9,647.81,43.67,22.5,95
8/25/2023 5:53:44 PM,6,6,654.24,44.49,22.6,95
8/25/2023 5:52:46 PM,8,9,654.18,44.46,22.6,96
8/25/2023 5:51:43 PM,6,6,659.57,43.47,22.6,96
8/25/2023 5:50:41 PM,7,7,663.62,44.11,22.7,96
8/25/2023 5:49:44 PM,6,6,657.84,43.34,22.6,96
8/25/2023 5:48:43 PM,6,6,659.43,42.2,22.7,96
8/25/2023 5:47:46 PM,5,5,655.96,41.54,22.7,95
8/25/2023 5:46:44 PM,7,7,650.43,42.19,22.7,94
8/25/2023 5:45:41 PM,8,9,656.64,43.98,22.8,94
8/25/2023 5:44:42 PM,7,7,662.87,43.95,22.8,94
8/25/2023 5:43:43 PM,8,9,668.22,43.64,22.8,94
8/25/2023 5:42:40 PM,8,9,670.5,43.61,22.8,94
8/25/2023 5:41:40 PM,5,5,666.33,42.85,23,93
8/25/2023 5:40:40 PM,7,7,662.56,43.21,23,93
8/25/2023 5:39:40 PM,7,7,669.72,42.96,23,93
8/25/2023 5:38:42 PM,6,6,670.09,42.24,23.1,93
8/25/2023 5:37:41 PM,7,7,669.59,42.29,23.2,92
8/25/2023 5:36:43 PM,6,6,672.24,43.17,23.2,92
8/25/2023 5:35:46 PM,6,6,671.46,42.48,23.3,92
8/25/2023 5:34:42 PM,6,6,671.59,42.46,23.4,92
8/25/2023 5:33:46 PM,6,6,667.69,42.45,23.4,91
8/25/2023 5:32:42 PM,5,5,666.99,42.33,23.5,91
8/25/2023 5:31:46 PM,7,7,671.2,41.96,23.6,91
8/25/2023 5:30:46 PM,6,7,676.06,42.52,23.8,91
8/25/2023 5:29:40 PM,7,9,679.7,43.15,23.8,90
8/25/2023 5:28:43 PM,7,8,687.26,43.21,23.9,89
8/25/2023 5:27:48 PM,9,10,685.71,42.88,24,89
8/25/2023 5:26:46 PM,6,6,686.39,42.38,24.2,89
8/25/2023 5:25:40 PM,6,7,688.74,41.21,24.3,88
8/25/2023 5:24:42 PM,9,10,681.39,40.49,24.4,88
8/25/2023 5:23:47 PM,8,9,677.98,39.63,24.4,88
8/25/2023 5:22:41 PM,7,7,679.99,39.01,24.5,88
8/25/2023 5:21:29 PM,8,9,678.21,40.21,24.7,88
8/25/2023 5:20:23 PM,7,8,683.67,40.35,24.8,88
8/25/2023 5:19:30 PM,6,6,685.92,41.15,25,87
8/25/2023 5:18:23 PM,5,5,692.61,41.28,25.2,87
8/25/2023 5:17:30 PM,6,6,694.77,41.54,25.4,86
8/25/2023 5:16:23 PM,6,6,691.44,41.16,25.5,86
8/25/2023 5:15:23 PM,6,6,692.01,41.01,25.6,86
8/25/2023 5:14:24 PM,6,6,689.45,41.91,25.8,85
8/25/2023 5:13:23 PM,7,7,684.94,41.87,25.9,85
8/25/2023 5:12:23 PM,6,6,689.67,41.67,26,85
8/25/2023 5:11:23 PM,7,7,684.54,41.03,26.2,85
8/25/2023 5:10:23 PM,7,7,684.18,40.97,26.2,85
8/25/2023 5:09:23 PM,5,5,689.12,41.93,26.3,85
8/25/2023 5:08:31 PM,6,6,694.56,41.9,26.4,84
8/25/2023 5:07:23 PM,6,6,688.92,40.81,26.4,84
8/25/2023 5:06:23 PM,6,6,688.45,40.69,26.6,84
8/25/2023 5:05:31 PM,7,7,693.89,41.06,26.7,83
8/25/2023 5:04:41 PM,8,9,695.41,41.17,26.8,82
8/25/2023 5:03:23 PM,7,9,690.8,41.59,26.8,82
8/25/2023 5:02:24 PM,7,7,685.86,41.79,26.7,82
8/25/2023 5:01:23 PM,7,7,689.58,42.36,26.7,82
8/25/2023 5:00:22 PM,6,6,694.23,41.56,26.6,83
8/25/2023 4:59:22 PM,6,6,689.56,41.64,26.6,83
8/25/2023 4:58:25 PM,8,9,687.39,40.9,26.5,83
8/25/2023 4:57:23 PM,7,8,692.12,41.32,26.4,84
8/25/2023 4:56:22 PM,7,7,692.67,42.87,26.3,84
8/25/2023 4:55:25 PM,6,6,699.92,43.41,26.2,84
8/25/2023 4:54:24 PM,7,7,698.88,42.72,26.1,85
8/25/2023 4:53:24 PM,6,6,701.87,42.05,26.1,85
8/25/2023 4:52:25 PM,6,6,700.87,42.83,26.2,85
8/25/2023 4:51:28 PM,5,5,696.86,43.69,26.3,84
8/25/2023 4:50:22 PM,6,6,689.87,44.79,26.4,84
8/25/2023 4:49:22 PM,6,6,679.07,47.51,26.5,83
8/25/2023 4:48:29 PM,6,6,664.65,49.29,26.5,84
8/25/2023 4:47:22 PM,7,7,639.51,52.7,26.8,82
8/25/2023 4:46:31 PM,6,6,708.89,41.02,26.9,82
8/25/2023 4:45:30 PM,6,6,698.95,41.91,27,81
8/25/2023 4:44:31 PM,6,6,700.25,42.49,27.1,79
8/25/2023 4:43:31 PM,5,5,704.16,42.59,27.4,79
8/25/2023 4:42:49 PM,7,7,707.67,42.3,27.5,79
8/25/2023 4:41:31 PM,6,6,707.6,41.59,27.4,79
8/25/2023 4:40:29 PM,6,6,699.39,40.8,27.4,79
8/25/2023 4:39:35 PM,6,6,697.38,40.47,27.5,78
8/25/2023 4:38:34 PM,5,5,703.18,39.76,27.5,79
8/25/2023 4:37:29 PM,6,6,704.62,40.08,27.5,79
8/25/2023 4:36:29 PM,5,5,703.98,41.06,27.4,79
8/25/2023 4:35:33 PM,7,7,698.5,40.74,27.3,79
8/25/2023 4:34:29 PM,6,6,701.82,42.35,27.4,79
8/25/2023 4:33:31 PM,4,4,708.65,42.54,27.5,79
8/25/2023 4:32:33 PM,6,6,710.46,42.93,27.6,78
8/25/2023 4:31:36 PM,6,6,708.78,42.66,27.9,78
8/25/2023 4:30:37 PM,6,6,704.52,41.68,28,78
8/25/2023 4:29:31 PM,5,5,701.9,41.91,28.1,78
8/25/2023 4:28:30 PM,5,5,704.7,42.42,28.3,77
8/25/2023 4:27:34 PM,5,5,696.17,43.16,28.6,77
8/25/2023 4:26:30 PM,7,7,689.82,41.33,28.7,77
8/25/2023 4:25:30 PM,6,6,693.23,41.21,28.8,76
8/25/2023 4:24:33 PM,5,5,695.94,41.17,29,76
8/25/2023 4:23:31 PM,4,4,701.77,41.71,29.3,75
8/25/2023 4:22:29 PM,6,7,699.93,42.49,29.4,75
8/25/2023 4:21:31 PM,6,7,697.4,43.1,29.4,76
8/25/2023 4:20:48 PM,7,7,696.24,42.99,29.4,75
8/25/2023 4:19:15 PM,5,5,693.4,42.73,29.7,75
8/25/2023 4:18:14 PM,8,9,692.71,41.86,29.8,75
8/25/2023 4:17:31 PM,7,8,698.8,41.23,29.8,75
8/25/2023 4:16:19 PM,6,6,706.91,41.05,29.9,75
8/25/2023 4:15:11 PM,6,6,704.32,42.17,29.9,75
8/25/2023 4:14:13 PM,7,8,707.66,43.2,30,74
8/25/2023 4:13:12 PM,5,5,718.65,45.15,30,75
8/25/2023 4:12:12 PM,6,6,737.28,46.76,29.9,75
8/25/2023 4:11:09 PM,7,7,687.44,42.14,29.8,75
8/25/2023 4:10:03 PM,6,6,687.33,43.41,29.8,75
8/25/2023 4:09:16 PM,6,6,686.78,43.08,29.8,75
8/25/2023 4:08:11 PM,7,7,687,42.76,29.7,75
8/25/2023 4:07:05 PM,4,4,688.52,42.37,29.9,75
8/25/2023 4:06:09 PM,7,7,692.4,43.33,29.8,75
8/25/2023 4:05:03 PM,6,6,692.25,43.27,29.9,75
8/25/2023 4:04:22 PM,7,7,690.1,42.78,29.8,75
8/25/2023 4:02:57 PM,7,7,688.63,41.82,29.7,75
8/25/2023 4:01:56 PM,6,6,694.23,40.81,29.6,75
8/25/2023 4:00:02 PM,5,5,693.21,41.63,29.6,75
8/25/2023 3:58:56 PM,7,7,692.27,41.73,29.6,75
8/25/2023 3:57:55 PM,5,5,689.3,41.1,29.5,75
8/25/2023 3:56:56 PM,5,5,687.44,41.52,29.4,76
8/25/2023 3:55:55 PM,4,4,682.15,42.01,29.4,76
8/25/2023 3:54:55 PM,7,7,677.49,42.85,29.4,76
8/25/2023 3:53:57 PM,6,6,674.16,42.4,29.4,75
8/25/2023 3:52:00 PM,7,7,686.96,42.99,29.2,76
8/25/2023 3:51:00 PM,5,5,684.66,42.82,29.1,76
8/25/2023 3:49:55 PM,7,7,687.03,41.32,29.1,76
8/25/2023 3:48:56 PM,6,6,686.57,41.26,29.1,76
8/25/2023 3:47:57 PM,7,7,691.76,41.94,29,76
8/25/2023 3:46:55 PM,8,9,697.64,42.52,29,77
8/25/2023 3:45:56 PM,7,7,692.41,43.53,29.1,76
8/25/2023 3:44:56 PM,9,10,693.39,42.79,29.1,76
8/25/2023 3:43:55 PM,8,9,687.53,42.44,29.2,76
8/25/2023 3:42:55 PM,8,9,685.17,42.67,29.2,76
8/25/2023 3:41:01 PM,8,9,684.35,41.93,29.4,76
8/25/2023 3:39:56 PM,7,7,687.08,41.74,29.5,75
8/25/2023 3:38:13 PM,7,8,708.72,38.75,29.8,75
8/25/2023 3:36:55 PM,6,6,726.33,38.48,29.9,75
8/25/2023 3:35:43 PM,7,7,671.9,41.58,29.9,75
8/25/2023 3:34:38 PM,6,6,674.44,41.63,29.9,75
8/25/2023 3:33:37 PM,6,6,677.66,41.66,29.9,75
8/25/2023 3:32:37 PM,8,9,684.88,42.79,29.9,75
8/25/2023 3:31:37 PM,7,7,685.2,43.07,30,75
8/25/2023 3:30:43 PM,7,7,681.5,43.66,30.1,75
8/25/2023 3:29:37 PM,6,6,679.58,43.5,30.2,74
8/25/2023 3:28:37 PM,8,9,685.8,43.13,30.4,74
8/25/2023 3:27:37 PM,8,9,678.4,42.98,30.6,73
8/25/2023 3:26:37 PM,6,6,679.98,43.28,30.8,74
8/25/2023 3:25:37 PM,6,6,689.68,42.71,30.7,74
8/25/2023 3:24:38 PM,8,9,691.36,42.54,30.8,74
8/25/2023 3:23:38 PM,8,9,683.81,41.84,30.8,74
8/25/2023 3:22:37 PM,7,7,683.28,42.56,30.9,74
8/25/2023 3:21:37 PM,8,9,681,42.67,31,73
8/25/2023 3:20:38 PM,8,9,674.99,43.06,31,74
8/25/2023 3:19:38 PM,8,9,678.36,43.36,31.2,73
8/25/2023 3:18:40 PM,6,6,677.71,42.89,31.1,74
8/25/2023 3:17:44 PM,6,6,679.4,42.51,31.1,73
8/25/2023 3:16:37 PM,5,5,678.16,42.68,31.1,74
8/25/2023 3:15:43 PM,5,5,673.07,43.74,31,74
8/25/2023 3:14:39 PM,8,9,669.07,43.6,31.1,74
8/25/2023 3:13:45 PM,6,6,677.22,43.02,31.1,75
8/25/2023 3:12:37 PM,7,7,675.21,42.95,30.9,75
8/25/2023 3:11:37 PM,7,7,676.5,43.6,30.8,76
8/25/2023 3:10:37 PM,7,7,678.12,43.48,30.5,76
8/25/2023 3:09:56 PM,9,10,677.9,43.36,30.3,75
8/25/2023 3:08:37 PM,6,6,681.47,42.5,30.2,75
8/25/2023 3:07:38 PM,8,9,673.95,41.52,29.9,77
8/25/2023 3:06:54 PM,8,9,671.57,41.89,29.5,78
8/25/2023 3:05:36 PM,8,9,669.95,42.09,29.2,78
8/25/2023 3:04:37 PM,8,9,667.11,40.92,28.7,79
8/25/2023 3:03:36 PM,6,6,669.23,40.75,28.1,79
8/25/2023 3:02:36 PM,8,9,661.86,40.67,27.8,81
8/25/2023 3:01:36 PM,6,6,645.49,39.66,27.2,81
8/25/2023 3:00:33 PM,7,7,681.71,42.4,26.8,84
8/25/2023 2:59:37 PM,6,6,679.58,41.93,26.3,85
8/25/2023 2:58:39 PM,5,6,678.6,41.83,26.1,85
8/25/2023 2:57:31 PM,7,7,681.14,41.96,26,86
8/25/2023 2:56:30 PM,6,6,684.1,41.96,26,85
8/25/2023 2:55:41 PM,9,10,694.49,42.39,26,85
8/25/2023 2:54:32 PM,7,7,690.17,43.13,25.9,86
8/25/2023 2:53:37 PM,6,6,687.1,43.26,26,86
8/25/2023 2:52:31 PM,6,6,680.68,43.03,25.8,85
8/25/2023 2:51:32 PM,4,4,681.79,42.44,25.8,85
8/25/2023 2:50:31 PM,5,5,687.36,41.61,26,85
8/25/2023 2:49:30 PM,7,7,683.78,42.12,26,85
8/25/2023 2:48:37 PM,6,6,683.24,43.14,26.1,85
8/25/2023 2:47:31 PM,4,4,691.58,42.74,26.2,84
8/25/2023 2:46:31 PM,7,8,689.45,42.87,26.3,84
8/25/2023 2:45:37 PM,6,6,685.81,42.65,26.3,84
8/25/2023 2:44:31 PM,6,6,685.38,43.11,26.4,84
8/25/2023 2:43:31 PM,6,6,690.14,42.1,26.5,83
8/25/2023 2:42:30 PM,6,6,683.72,41.58,26.5,83
8/25/2023 2:41:03 PM,8,9,685.17,42.4,26.7,82
8/25/2023 2:39:26 PM,7,7,678.87,42.42,26.8,81
8/25/2023 2:38:25 PM,5,5,683.24,42.61,26.9,80
8/25/2023 2:37:23 PM,7,7,684.66,42.55,26.9,81
8/25/2023 2:36:26 PM,6,6,689.15,42.42,27,81
8/25/2023 2:35:42 PM,5,5,686.99,42.93,27,80
8/25/2023 2:34:29 PM,6,6,684.83,42.43,27.2,80
8/25/2023 2:33:24 PM,7,7,683,42.9,27.4,79
8/25/2023 2:32:24 PM,6,6,680.75,43.1,27.5,79
8/25/2023 2:31:30 PM,6,7,680.44,43.02,27.6,79
8/25/2023 2:30:24 PM,6,6,682.74,42.14,27.7,78
8/25/2023 2:29:25 PM,6,6,684.38,42.04,27.9,78
8/25/2023 2:28:25 PM,6,6,688,40.81,28,78
8/25/2023 2:27:24 PM,6,6,692.84,39,28.1,77
8/25/2023 2:26:24 PM,7,7,698.96,36.7,28.5,77
8/25/2023 2:25:08 PM,5,5,672.22,41.64,28.9,77
8/25/2023 2:24:09 PM,5,5,671.33,41.91,29,77
8/25/2023 2:23:15 PM,6,6,674.2,41.37,29.2,76
8/25/2023 2:22:08 PM,6,6,676.92,40.57,29.4,76
8/25/2023 2:21:08 PM,7,7,677.41,40.63,29.6,76
8/25/2023 2:20:08 PM,5,5,682.16,41.31,29.9,75
8/25/2023 2:19:08 PM,6,6,684.16,42.2,30.1,75
8/25/2023 2:18:09 PM,8,9,686.03,41.91,30.1,75
8/25/2023 2:17:10 PM,7,7,689.05,41.65,30,75
8/25/2023 2:16:09 PM,6,6,684.2,42.47,30,75
8/25/2023 2:15:12 PM,4,4,688.01,42.24,30.3,74
8/25/2023 2:14:12 PM,5,5,687.6,41.66,30.8,74
8/25/2023 2:13:10 PM,6,6,690.08,40.86,30.9,74
8/25/2023 2:12:09 PM,9,10,692.44,40.7,30.7,75
8/25/2023 2:10:11 PM,7,8,684.45,41.34,29.8,77
8/25/2023 2:09:08 PM,6,6,683.5,41.89,29.5,77
8/25/2023 2:08:08 PM,5,5,682.82,41,29.1,77
8/25/2023 2:07:27 PM,6,6,680.48,40.68,28.9,77
8/25/2023 2:06:07 PM,6,6,681.99,41.11,28.5,78
8/25/2023 2:05:08 PM,6,6,684.22,41.21,28.2,78
8/25/2023 2:04:09 PM,4,4,681.88,42.02,28,79
8/25/2023 2:03:06 PM,5,5,685.6,42.5,27.7,79
8/25/2023 2:02:08 PM,5,5,685.31,41.57,27.7,79
8/25/2023 2:01:10 PM,5,5,686.38,41.05,27.9,79
8/25/2023 2:00:09 PM,7,7,692.18,40.1,27.8,79
8/25/2023 1:59:11 PM,6,6,694.76,40.14,27.6,79
8/25/2023 1:58:07 PM,6,6,699.24,41.29,27.6,79
8/25/2023 1:57:09 PM,6,6,691.83,42.12,27.7,79
8/25/2023 1:56:06 PM,6,6,692.28,42.56,27.7,79
8/25/2023 1:55:08 PM,7,7,686.63,42.54,27.6,79
8/25/2023 1:54:07 PM,6,7,682.9,41.55,27.7,79
8/25/2023 1:53:09 PM,5,5,684.14,40.67,27.8,79
8/25/2023 1:52:08 PM,6,6,676.24,39.76,27.8,79
8/25/2023 1:51:07 PM,7,8,673.7,39.12,28,79
8/25/2023 1:49:09 PM,8,9,699,40.08,27.9,79
8/25/2023 1:48:12 PM,7,7,705.32,40.11,28,78
8/25/2023 1:46:16 PM,6,6,706.45,41.14,28.1,78
8/25/2023 1:44:52 PM,8,9,706.66,42.06,28.1,78
8/25/2023 1:43:53 PM,7,7,703.99,42.13,28.2,78
8/25/2023 1:42:06 PM,7,7,707.09,40.68,28.3,78
8/25/2023 1:40:53 PM,8,9,706.88,40.58,28.3,78
8/25/2023 1:39:53 PM,7,7,705.74,40.83,28.1,78
8/25/2023 1:38:59 PM,6,6,704.38,41.59,28,78
8/25/2023 1:37:53 PM,7,7,704.91,41.79,27.9,79
8/25/2023 1:36:52 PM,5,5,701,41.82,27.6,79
8/25/2023 1:35:57 PM,6,6,693.93,41.83,27.6,79
8/25/2023 1:34:52 PM,5,5,697.4,42.93,27.7,79
8/25/2023 1:33:07 PM,6,6,702.75,42.69,28.1,78
8/25/2023 1:32:07 PM,6,6,701.97,42.41,28.2,78
8/25/2023 1:30:51 PM,6,6,703.7,42.46,28.4,78
8/25/2023 1:29:54 PM,8,9,710.67,41.93,28.5,78
8/25/2023 1:28:53 PM,7,7,708.07,41.8,28.5,77
8/25/2023 1:27:53 PM,5,5,704.68,41.71,29,77
8/25/2023 1:26:51 PM,7,7,704.64,41.78,29.3,76
8/25/2023 1:25:52 PM,9,10,696.5,41.46,29.4,77
8/25/2023 1:24:52 PM,7,7,703.01,41.7,29.4,76
8/25/2023 1:23:51 PM,6,6,707.89,42.08,29.3,77
8/25/2023 1:22:51 PM,8,9,708.67,41.02,29.1,77
8/25/2023 1:21:53 PM,8,9,704.46,41.2,29.2,77
8/25/2023 1:20:52 PM,6,6,708.73,41.01,29.3,76
8/25/2023 1:19:52 PM,6,6,705.42,40.75,29.4,76
8/25/2023 1:18:52 PM,9,10,700.25,39.29,29.5,76
8/25/2023 1:17:52 PM,7,7,689.49,39.24,29.4,76
8/25/2023 1:16:57 PM,8,9,677.32,37.38,29,77
8/25/2023 1:15:54 PM,8,9,678.15,34.38,28.7,78
8/25/2023 1:14:36 PM,8,9,693.26,41.47,28.5,78
8/25/2023 1:13:35 PM,8,9,697.99,41.99,28.2,78
8/25/2023 1:12:36 PM,8,9,694.47,42.29,28.1,78
8/25/2023 1:11:35 PM,8,9,690.34,42.64,28.2,78
8/25/2023 1:10:35 PM,9,10,691.16,42.97,28.3,78
8/25/2023 1:09:36 PM,8,9,692.22,41.99,28.4,78
8/25/2023 1:08:37 PM,9,10,699.93,42.38,28.3,78
8/25/2023 1:07:36 PM,6,6,703.64,42.26,28.3,78
8/25/2023 1:06:36 PM,8,9,699.67,42.82,28.4,78
8/25/2023 1:05:41 PM,9,10,701.58,43.14,28.5,78
8/25/2023 1:04:35 PM,8,9,701.11,43.34,28.5,77
8/25/2023 1:03:36 PM,8,9,700.93,44.09,28.5,77
8/25/2023 1:02:36 PM,8,9,697.61,43.26,28.7,77
8/25/2023 1:01:35 PM,9,10,686.93,41.97,28.7,78
8/25/2023 1:00:35 PM,8,9,687.03,40.76,28.7,77
8/25/2023 12:59:36 PM,7,7,697.33,40.22,28.7,77
8/25/2023 12:58:42 PM,7,7,710.15,40.65,28.7,77
8/25/2023 12:57:36 PM,8,9,707.45,40.68,28.9,77
8/25/2023 12:56:35 PM,10,11,700.8,40.25,28.8,77
8/25/2023 12:55:43 PM,8,9,703.65,41.43,28.9,77
8/25/2023 12:54:38 PM,10,11,712.01,41.42,28.9,77
8/25/2023 12:53:36 PM,10,11,710.1,41.75,29.1,77
8/25/2023 12:52:35 PM,10,11,697.36,41.56,29.2,76
8/25/2023 12:51:35 PM,10,11,690.46,41.27,29.4,76
8/25/2023 12:50:55 PM,11,13,693.83,41.54,29.5,76
8/25/2023 12:49:41 PM,9,10,697.41,42.33,29.8,76
8/25/2023 12:48:38 PM,8,9,700.01,42.45,30,75
8/25/2023 12:47:31 PM,10,11,700.93,42.79,30.3,74
8/25/2023 12:46:31 PM,12,13,703,42.27,30.7,74
8/25/2023 12:45:35 PM,11,12,692.35,42.56,30.9,74
8/25/2023 12:44:35 PM,7,7,689.11,42.37,31.3,72
8/25/2023 12:43:31 PM,10,11,691.71,44.01,31.6,72
8/25/2023 12:42:31 PM,9,10,702.07,44.78,32,71
8/25/2023 12:41:31 PM,7,8,715.24,44.77,32.1,73
8/25/2023 12:40:39 PM,9,10,724.58,44.85,32.1,73
8/25/2023 12:39:29 PM,9,10,682.72,42.17,31.9,74
8/25/2023 12:38:37 PM,8,9,681.87,42.15,31.7,73
8/25/2023 12:37:15 PM,10,11,685.15,41.9,0,0
8/25/2023 12:36:15 PM,10,11,685.85,42.39,0,0
8/25/2023 12:35:21 PM,11,12,682.88,42.61,0,0
8/25/2023 12:34:16 PM,12,13,674.23,42.84,0,0
8/25/2023 12:33:17 PM,11,12,668.48,42.39,0,0
8/25/2023 12:32:15 PM,10,11,668.95,41.84,0,0
8/25/2023 12:31:16 PM,8,9,670.06,42.27,0,0
8/25/2023 12:30:21 PM,9,10,676.78,43.44,0,0
8/25/2023 12:29:15 PM,9,10,679.73,43.48,0,0
8/25/2023 12:28:15 PM,8,9,676.61,42.14,0,0
8/25/2023 12:27:15 PM,9,10,676.29,41.45,0,0
8/25/2023 12:26:16 PM,10,11,672.75,42.15,0,0
8/25/2023 12:25:15 PM,10,11,672.1,43.12,0,0
8/25/2023 12:24:16 PM,12,13,667.6,42.99,0,0
8/25/2023 12:23:17 PM,12,13,670.11,43.87,0,0
8/25/2023 12:22:16 PM,14,15,674.73,43.65,0,0
8/25/2023 12:21:17 PM,11,12,678.7,43.94,0,0
8/25/2023 12:20:15 PM,9,11,674.72,43.33,0,0
8/25/2023 12:19:16 PM,11,12,677.86,42.43,0,0
8/25/2023 12:18:15 PM,11,12,678.34,42.64,0,0
8/25/2023 12:17:34 PM,12,13,678.23,42.81,0,0
8/25/2023 12:16:23 PM,9,10,675.52,43.3,0,0
8/25/2023 12:15:17 PM,13,14,665.35,42.88,0,0
8/25/2023 12:14:15 PM,12,13,656.48,43.52,0,0
8/25/2023 12:13:16 PM,7,8,658.9,43.41,0,0
8/25/2023 12:12:21 PM,8,9,661.89,43.18,0,0
8/25/2023 12:11:15 PM,10,11,663.85,43.94,0,0
8/25/2023 12:10:16 PM,10,11,657.87,43.84,0,0
8/25/2023 12:09:18 PM,10,11,650.06,45.14,0,0
8/25/2023 12:08:16 PM,7,7,638.84,46.33,0,0
8/25/2023 12:07:15 PM,11,12,635.24,47.49,0,0
8/25/2023 12:06:15 PM,10,11,614.85,48.53,0,0
8/25/2023 12:05:21 PM,10,11,586.17,50.43,0,0
8/25/2023 12:04:16 PM,9,10,636.18,43.41,0,0
8/25/2023 12:03:17 PM,10,11,640.2,43.99,0,0
8/25/2023 12:02:16 PM,8,9,637.97,43.62,0,0
8/25/2023 12:01:16 PM,10,11,643.93,42.65,0,0
8/25/2023 12:00:18 PM,10,11,641.25,42.57,0,0
8/25/2023 11:59:16 AM,12,13,641.02,43.75,0,0
8/25/2023 11:58:16 AM,10,11,638.23,43.37,0,0
8/25/2023 11:57:16 AM,10,11,639.51,44.25,0,0
8/25/2023 11:56:17 AM,11,12,639.78,43.54,0,0
8/25/2023 11:55:17 AM,9,10,639.51,43.46,0,0
8/25/2023 11:54:24 AM,10,11,639.29,43.44,0,0
8/25/2023 11:53:26 AM,11,12,640.37,44.08,0,0
8/25/2023 11:52:34 AM,11,12,641.74,45.07,0,0
8/25/2023 11:51:14 AM,9,10,635.67,44.83,0,0
8/25/2023 11:50:14 AM,7,7,631.38,44.12,0,0
8/25/2023 11:49:17 AM,7,7,625.72,44.66,0,0
8/25/2023 11:48:31 AM,7,7,618,44.75,0,0
8/25/2023 11:47:23 AM,8,9,613.41,44.26,0,0
8/25/2023 11:46:31 AM,7,7,614.63,44.03,0,0
8/25/2023 11:45:26 AM,7,7,615.25,43.77,0,0
8/25/2023 11:44:09 AM,10,11,615.89,42.88,0,0
8/25/2023 11:43:09 AM,10,11,625.2,42.82,0,0
8/25/2023 11:42:10 AM,10,12,620.09,42.53,0,0
8/25/2023 11:41:26 AM,9,11,615.73,42.96,0,0
8/25/2023 11:40:08 AM,8,9,616.52,43.21,0,0
8/25/2023 11:39:14 AM,8,9,617.95,43.21,0,0
8/25/2023 11:38:09 AM,9,10,623.66,42.87,0,0
8/25/2023 11:37:09 AM,12,13,623.87,42.5,0,0
8/25/2023 11:36:14 AM,11,12,629.63,42.94,0,0
8/25/2023 11:35:10 AM,9,10,629.44,43.47,0,0
8/25/2023 11:34:09 AM,12,15,632,43.67,0,0
8/25/2023 11:33:08 AM,12,13,623.6,43.75,0,0
8/25/2023 11:32:08 AM,12,13,619.89,42.35,0,0
8/25/2023 11:31:10 AM,10,11,611.78,40.28,0,0
8/25/2023 11:30:10 AM,12,13,613.6,35.05,0,0
8/25/2023 11:28:54 AM,11,12,624.22,42.81,0,0
8/25/2023 11:27:59 AM,9,10,622.15,42.69,0,0
8/25/2023 11:26:50 AM,11,12,624.14,42.8,0,0
8/25/2023 11:25:50 AM,10,11,627.91,43.8,0,0
8/25/2023 11:24:55 AM,4,4,637.34,40.98,0,0
8/25/2023 11:23:54 AM,10,11,628.07,39,0,0
8/25/2023 11:22:59 AM,9,10,632.56,35.65,0,0
8/25/2023 11:21:45 AM,8,9,643.02,34.13,0,0
8/25/2023 11:20:49 AM,8,9,648.39,33.4,0,0
8/25/2023 11:17:39 AM,8,9,616.77,43.3,0,0
8/25/2023 11:16:36 AM,8,9,614.85,44.25,0,0
8/25/2023 11:15:30 AM,8,9,611.15,45.24,0,0
8/25/2023 11:14:31 AM,10,11,612.92,44.31,0,0
8/25/2023 11:13:31 AM,12,13,614.71,43.47,0,0
8/25/2023 11:12:35 AM,9,10,614.58,43.41,0,0
8/25/2023 11:11:32 AM,10,11,614.18,44.84,0,0
8/25/2023 11:10:31 AM,11,13,621.45,44.82,0,0
8/25/2023 11:09:31 AM,12,13,624.42,44.13,0,0
8/25/2023 11:08:31 AM,12,13,617.32,44.1,0,0
8/25/2023 11:07:31 AM,12,13,617.16,43.98,0,0
8/25/2023 11:06:37 AM,15,17,617.38,44.05,0,0
8/25/2023 11:05:31 AM,12,13,615.79,44.63,0,0
8/25/2023 11:04:32 AM,16,18,617.15,45.89,0,0
8/25/2023 11:03:31 AM,17,19,615.32,44.99,0,0
8/25/2023 11:02:31 AM,14,15,621.39,43.59,0,0
8/25/2023 11:01:33 AM,14,15,617.68,42.99,0,0
8/25/2023 11:00:30 AM,14,15,623.35,43.16,0,0
8/25/2023 10:59:25 AM,15,17,621.5,43.38,0,0
8/25/2023 10:58:37 AM,16,18,618.44,43.46,0,0
8/25/2023 10:57:32 AM,14,15,612.35,43.57,0,0
8/25/2023 10:56:30 AM,16,18,609.71,42.76,0,0
8/25/2023 10:55:36 AM,14,15,612.78,42.02,0,0
8/25/2023 10:54:31 AM,17,19,614.31,42.26,0,0
8/25/2023 10:53:15 AM,12,13,646.68,39.04,0,0
8/25/2023 10:52:14 AM,14,15,668.16,33.41,0,0
8/25/2023 10:51:22 AM,15,17,693.48,31.01,0,0
8/25/2023 10:49:11 AM,14,15,619.04,44.27,0,0
8/25/2023 10:48:18 AM,13,15,609.16,44.14,0,0
8/25/2023 10:47:11 AM,13,14,603.2,44.61,0,0
8/25/2023 10:46:11 AM,14,15,602.34,46.05,0,0
8/25/2023 10:45:10 AM,14,15,607.76,46.99,0,0
8/25/2023 10:44:17 AM,13,14,602.73,46.92,0,0
8/25/2023 10:43:29 AM,12,14,595.32,47.21,0,0
8/25/2023 10:42:11 AM,11,12,591.22,48.49,0,0
8/25/2023 10:41:20 AM,10,11,582.48,50.77,0,0
8/25/2023 10:40:23 AM,12,13,609.36,43.56,0,0
8/25/2023 10:39:19 AM,12,13,611.03,43.55,0,0
8/25/2023 10:38:18 AM,12,13,619.62,43.47,0,0
8/25/2023 10:37:21 AM,14,15,628.18,41.24,0,0
8/25/2023 10:36:18 AM,12,13,634.2,39.51,0,0
8/25/2023 10:35:18 AM,12,13,639.25,37.76,0,0
8/25/2023 10:34:14 AM,15,17,604.93,45.93,0,0
8/25/2023 10:31:02 AM,16,18,604.07,45.14,0,0
8/25/2023 10:29:55 AM,14,15,599.38,45.26,0,0
8/25/2023 10:28:57 AM,12,13,601.86,45.19,0,0
8/25/2023 10:27:57 AM,14,15,604.39,45.59,0,0
8/25/2023 10:26:04 AM,16,18,603.56,45.31,0,0
8/25/2023 10:25:13 AM,16,18,604.95,44.52,0,0
8/25/2023 10:24:26 AM,16,18,607.45,43.02,0,0
8/25/2023 10:22:46 AM,15,17,603,43.28,0,0
8/25/2023 10:21:45 AM,15,17,602.54,45.41,0,0
8/25/2023 10:20:46 AM,16,18,598.5,45.95,0,0
8/25/2023 10:19:46 AM,17,20,600.55,46.21,0,0
8/25/2023 10:18:46 AM,16,18,600.54,46.25,0,0
8/25/2023 10:17:47 AM,17,19,598.47,46.77,0,0
8/25/2023 10:16:45 AM,17,19,590.65,45.77,0,0
8/25/2023 10:15:45 AM,17,19,597.81,45.07,0,0
8/25/2023 10:14:45 AM,16,18,594.18,46.72,0,0
8/25/2023 10:13:46 AM,14,15,589.95,48.19,0,0
8/25/2023 10:12:45 AM,13,14,591.24,47.21,0,0
8/25/2023 10:11:45 AM,17,19,584.03,47.36,0,0
8/25/2023 10:10:50 AM,17,19,579.64,46.98,0,0
8/25/2023 10:09:45 AM,17,19,581.39,47.05,0,0
8/25/2023 10:08:47 AM,11,12,580.36,48.42,0,0
8/25/2023 10:07:51 AM,16,18,592.07,48.82,0,0
8/25/2023 10:06:52 AM,15,17,601.39,48.43,0,0
8/25/2023 10:05:47 AM,13,14,606.69,49.54,0,0
8/25/2023 10:04:46 AM,12,13,618.95,51.43,0,0
8/25/2023 10:03:34 AM,11,13,566.09,46.64,0,0
8/25/2023 10:02:35 AM,11,12,564.07,47.75,0,0
8/25/2023 10:01:36 AM,11,12,558.35,48.63,0,0
8/25/2023 10:00:34 AM,12,13,562.39,47.68,0,0
8/25/2023 9:59:34 AM,12,13,577.71,47.27,0,0
8/25/2023 9:58:39 AM,12,13,575.27,47.28,0,0
8/25/2023 9:57:34 AM,12,13,570.29,47.07,0,0
8/25/2023 9:56:34 AM,11,12,564.77,46.85,0,0
8/25/2023 9:55:34 AM,11,12,561.7,47.22,0,0
8/25/2023 9:54:34 AM,12,13,574.2,46.67,0,0
8/25/2023 9:53:35 AM,11,12,573.4,46.18,0,0
8/25/2023 9:52:34 AM,11,12,576.1,45.66,0,0
8/25/2023 9:51:40 AM,12,13,579.78,45.68,0,0
8/25/2023 9:50:33 AM,13,14,584.19,46.01,0,0
8/25/2023 9:49:33 AM,11,12,582.09,46.34,0,0
8/25/2023 9:48:49 AM,8,9,576.42,46.76,0,0
8/25/2023 9:47:34 AM,13,14,570.5,46.7,0,0
8/25/2023 9:46:33 AM,11,12,561.59,48.24,0,0
8/25/2023 9:45:34 AM,12,13,553.55,47.9,0,0
8/25/2023 9:44:47 AM,10,11,561.45,47.67,0,0
8/25/2023 9:43:34 AM,12,13,546.78,48.25,0,0
8/25/2023 9:42:36 AM,14,15,559.38,46.95,0,0
8/25/2023 9:41:36 AM,13,14,557.83,47.59,0,0
8/25/2023 9:40:35 AM,11,12,552.91,49.32,0,0
8/25/2023 9:39:44 AM,8,9,556.66,49.63,0,0
8/25/2023 9:38:35 AM,13,14,564,48.33,0,0
8/25/2023 9:37:38 AM,13,14,557.84,48.11,0,0
8/25/2023 9:36:34 AM,13,14,567.56,48.25,0,0
8/25/2023 9:35:33 AM,13,14,576.63,48.3,0,0
8/25/2023 9:34:34 AM,13,14,573.04,48.75,0,0
8/25/2023 9:33:51 AM,13,14,571.73,48.49,0,0
8/25/2023 9:32:35 AM,11,12,567.46,48.98,0,0
8/25/2023 9:31:35 AM,13,14,552.61,48.27,0,0
8/25/2023 9:30:33 AM,13,14,540.94,46.77,0,0
8/25/2023 9:29:33 AM,12,13,518.98,45.69,0,0
8/25/2023 9:28:31 AM,16,18,567.76,48.09,0,0
8/25/2023 9:27:34 AM,17,19,554.95,48.92,0,0
8/25/2023 9:26:26 AM,15,17,565.1,48.7,0,0
8/25/2023 9:25:42 AM,17,19,558.11,48.37,0,0
8/25/2023 9:24:32 AM,20,22,555.3,48.16,0,0
8/25/2023 9:23:26 AM,28,31,545.93,47.61,0,0
8/25/2023 9:22:38 AM,33,37,543.25,46.7,0,0
8/25/2023 9:21:26 AM,33,37,543.99,47.38,0,0
8/25/2023 9:20:26 AM,24,27,544.82,47.84,0,0
8/25/2023 9:19:44 AM,22,24,554.72,48.1,0,0
8/25/2023 9:18:27 AM,22,25,556.95,47.26,0,0
8/25/2023 9:17:27 AM,24,27,561.94,47.42,0,0
8/25/2023 9:15:26 AM,26,29,556.76,47.16,0,0
8/25/2023 9:14:27 AM,27,30,552.91,46.78,0,0
8/25/2023 9:13:25 AM,25,28,547.66,47.84,0,0
8/25/2023 9:12:36 AM,24,27,548.01,47.38,0,0
8/25/2023 9:11:25 AM,25,28,543.94,46.66,0,0
8/25/2023 9:10:26 AM,25,28,549.25,46.93,0,0
8/25/2023 9:09:33 AM,22,24,555.16,47.2,0,0
8/25/2023 9:08:26 AM,21,23,554.08,47.95,0,0
8/25/2023 9:07:25 AM,20,22,573.42,48.03,0,0
8/25/2023 9:06:25 AM,20,22,570,48.62,0,0
8/25/2023 9:05:25 AM,21,23,562.84,49.67,0,0
8/25/2023 9:04:26 AM,20,22,549.65,50.24,0,0
8/25/2023 9:03:26 AM,24,27,542.55,51.1,0,0
8/25/2023 9:02:29 AM,19,21,555.97,48.78,0,0
8/25/2023 9:01:26 AM,21,23,548,48.02,0,0
8/25/2023 9:00:26 AM,19,21,551.5,47.83,0,0
8/25/2023 8:59:26 AM,17,19,558.35,46.84,0,0
8/25/2023 8:58:25 AM,18,20,554.56,44.9,0,0
8/25/2023 8:57:25 AM,18,20,554.12,45.17,0,0
8/25/2023 8:56:33 AM,19,21,562.62,44.89,0,0
8/25/2023 8:55:25 AM,20,22,574.88,41.99,0,0
8/25/2023 8:54:31 AM,19,21,586.58,39.5,0,0
8/25/2023 8:53:44 AM,18,20,539.98,49.15,0,0
8/25/2023 8:52:43 AM,19,21,550.27,48.88,0,0
8/25/2023 8:51:06 AM,19,21,544.15,48.41,0,0
8/25/2023 8:49:39 AM,18,20,555.73,47.66,0,0
8/25/2023 8:48:40 AM,18,20,544.35,48.7,0,0
8/25/2023 8:47:39 AM,20,22,535.12,49.15,0,0
8/25/2023 8:46:36 AM,19,21,522.71,50.22,0,0
8/25/2023 8:45:38 AM,17,19,528.96,49.81,0,0
8/25/2023 8:44:38 AM,21,23,549.23,49.1,0,0
8/25/2023 8:43:38 AM,20,22,550.08,49.83,0,0
8/25/2023 8:42:38 AM,21,23,557,49.5,0,0
8/25/2023 8:41:36 AM,18,21,551.41,49.49,0,0
8/25/2023 8:40:55 AM,16,18,552.92,49.49,0,0
8/25/2023 8:39:25 AM,17,19,550.42,49.02,0,0
8/25/2023 8:38:26 AM,17,19,552.94,49.32,0,0
8/25/2023 8:37:24 AM,19,21,556.69,49.6,0,0
8/25/2023 8:36:23 AM,18,20,557.44,49.19,0,0
8/25/2023 8:35:22 AM,18,20,560.35,49.35,0,0
8/25/2023 8:34:23 AM,18,20,555.67,48.38,0,0
8/25/2023 8:33:22 AM,17,19,550.67,47.73,0,0
8/25/2023 8:32:22 AM,17,19,554.11,47.69,0,0
8/25/2023 8:31:22 AM,18,20,554.41,49.21,0,0
8/25/2023 8:30:22 AM,19,21,555.77,49.87,0,0
8/25/2023 8:29:26 AM,19,21,551.11,50.19,0,0
8/25/2023 8:28:22 AM,21,24,554.49,48.34,0,0
8/25/2023 8:27:21 AM,21,23,550.33,48.81,0,0
8/25/2023 8:26:22 AM,22,24,544.75,49.42,0,0
8/25/2023 8:25:21 AM,23,26,547.3,48.93,0,0
8/25/2023 8:24:33 AM,24,27,553.54,49.24,0,0
8/25/2023 8:23:23 AM,27,30,560.71,49.66,0,0
8/25/2023 8:22:21 AM,27,30,566.48,49.14,0,0
8/25/2023 8:21:21 AM,29,33,574.75,47.82,0,0
8/25/2023 8:20:25 AM,30,34,584.19,48.82,0,0
8/25/2023 8:19:24 AM,32,36,592.08,49.79,0,0
8/25/2023 8:18:09 AM,33,37,560.13,48.65,0,0
8/25/2023 8:16:08 AM,26,29,564.27,49.18,0,0
8/25/2023 8:15:09 AM,25,28,552.12,49.73,0,0
8/25/2023 8:14:09 AM,23,26,544.52,49.54,0,0
8/25/2023 8:13:10 AM,24,27,539.56,49.29,0,0
8/25/2023 8:12:08 AM,24,27,557.94,48.11,0,0
8/25/2023 8:11:10 AM,20,23,542.7,47.37,0,0
8/25/2023 8:10:09 AM,19,21,539.15,47.89,0,0
8/25/2023 8:09:10 AM,23,26,532.11,49.19,0,0
8/25/2023 8:08:09 AM,23,26,525.3,49.17,0,0
8/25/2023 8:07:09 AM,19,21,530.62,49.4,0,0
8/25/2023 8:06:10 AM,22,24,535.7,48.78,0,0
8/25/2023 8:05:09 AM,23,26,540.72,47.76,0,0
8/25/2023 8:04:09 AM,24,27,540.72,49.71,0,0
8/25/2023 8:03:09 AM,20,22,535.95,50.01,0,0
8/25/2023 8:02:09 AM,18,20,545.06,48.94,0,0
8/25/2023 8:01:09 AM,21,23,543.99,49.69,0,0
8/25/2023 8:00:09 AM,21,23,532.8,50.45,0,0
8/25/2023 7:59:19 AM,24,28,526.21,49.98,0,0
8/25/2023 7:58:09 AM,25,28,544.63,46.95,0,0
8/25/2023 7:57:08 AM,24,27,551.21,45.71,0,0
8/25/2023 7:56:12 AM,22,24,545.8,46.08,0,0
8/25/2023 7:55:12 AM,24,27,538.75,45.71,0,0
8/25/2023 7:54:10 AM,22,25,538.52,46.83,0,0
8/25/2023 7:53:09 AM,25,28,527.8,48.09,0,0
8/25/2023 7:52:08 AM,30,34,517.44,49.29,0,0
8/25/2023 7:51:09 AM,25,28,525.01,48.33,0,0
8/25/2023 7:50:09 AM,27,30,536.99,47.37,0,0
8/25/2023 7:49:10 AM,23,26,544.28,47.46,0,0
8/25/2023 7:48:21 AM,26,29,540.17,47.97,0,0
8/25/2023 7:47:09 AM,26,29,537.36,48.41,0,0
8/25/2023 7:46:20 AM,27,31,532.1,48.25,0,0
8/25/2023 7:45:08 AM,26,29,522.97,48.92,0,0
8/25/2023 7:44:10 AM,24,27,504.18,50.7,0,0
8/25/2023 7:43:06 AM,27,30,530.44,49.73,0,0
8/25/2023 7:42:06 AM,32,36,527.82,48.78,0,0
8/25/2023 7:41:06 AM,29,32,541.25,48.16,0,0
8/25/2023 7:40:07 AM,27,30,533.47,48.54,0,0
8/25/2023 7:39:06 AM,29,32,532.46,49.35,0,0
8/25/2023 7:38:08 AM,32,36,525.75,48.37,0,0
8/25/2023 7:37:06 AM,31,35,539.58,46.5,0,0
8/25/2023 7:36:06 AM,34,38,550.83,45.77,0,0
8/25/2023 7:35:07 AM,31,35,561.22,47.71,0,0
8/25/2023 7:34:07 AM,34,38,564.32,48.39,0,0
8/25/2023 7:33:06 AM,34,39,554.22,49.23,0,0
8/25/2023 7:32:05 AM,32,36,550.79,48.61,0,0
8/25/2023 7:31:07 AM,29,32,555.8,49.27,0,0
8/25/2023 7:30:06 AM,33,37,556.3,49.43,0,0
8/25/2023 7:29:06 AM,31,35,562.63,49.45,0,0
8/25/2023 7:28:10 AM,33,37,563.73,49.02,0,0
8/25/2023 7:27:05 AM,30,34,557.86,48.93,0,0
8/25/2023 7:26:07 AM,31,35,556.36,48.7,0,0
8/25/2023 7:25:05 AM,30,34,550.17,47.86,0,0
8/25/2023 7:24:06 AM,32,36,541.73,49.6,0,0
8/25/2023 7:23:17 AM,29,32,542.54,49.85,0,0
8/25/2023 7:22:09 AM,30,34,542.41,48.69,0,0
8/25/2023 7:21:06 AM,34,38,537.67,49,0,0
8/25/2023 7:20:08 AM,30,34,535.73,48.25,0,0
8/25/2023 7:19:06 AM,29,32,538.59,48.13,0,0
8/25/2023 7:18:06 AM,31,35,534.63,48.56,0,0
8/25/2023 7:17:06 AM,31,35,526.72,49.66,0,0
8/25/2023 7:16:06 AM,31,36,542.12,48.36,0,0
8/25/2023 7:15:06 AM,29,32,543.93,47.71,0,0
8/25/2023 7:14:06 AM,29,34,538.28,47.76,0,0
8/25/2023 7:13:17 AM,30,34,536.53,47.52,0,0
8/25/2023 7:12:06 AM,29,32,531.93,48.43,0,0
8/25/2023 7:11:07 AM,29,32,519.8,49.78,0,0
8/25/2023 7:10:07 AM,26,29,506.73,50.08,0,0
8/25/2023 7:09:08 AM,34,38,495.48,51.24,0,0
8/25/2023 7:07:00 AM,33,37,536.54,49.29,0,0
8/25/2023 7:06:00 AM,31,35,552.45,48.91,0,0
8/25/2023 7:04:59 AM,32,36,553.72,48.47,0,0
8/25/2023 7:03:59 AM,35,40,546.26,48.46,0,0
8/25/2023 7:02:59 AM,34,38,535.18,49.43,0,0
8/25/2023 7:01:59 AM,34,38,537.55,48.97,0,0
8/25/2023 7:00:01 AM,36,40,555.3,46.74,0,0
8/25/2023 6:58:00 AM,33,38,541.57,48.2,0,0
8/25/2023 6:57:01 AM,31,35,534.67,49.9,0,0
8/25/2023 6:55:00 AM,30,34,548.49,50,0,0
8/25/2023 6:53:00 AM,32,36,556.75,49.57,0,0
8/25/2023 6:51:59 AM,29,32,548.45,48.72,0,0
8/25/2023 6:50:13 AM,30,34,543.3,48.39,0,0
8/25/2023 6:48:00 AM,27,30,542.76,48.02,0,0
8/25/2023 6:46:59 AM,28,31,548.4,48.62,0,0
8/25/2023 6:45:00 AM,28,31,551.45,50.85,0,0
8/25/2023 6:43:59 AM,26,29,545.68,50.7,0,0
8/25/2023 6:42:00 AM,26,29,553.14,48.73,0,0
8/25/2023 6:40:00 AM,28,31,553.19,47.79,0,0
8/25/2023 6:39:00 AM,25,28,554.41,47.82,0,0
8/25/2023 6:37:02 AM,25,28,552.97,48.68,0,0
8/25/2023 6:35:59 AM,25,28,554.38,49.87,0,0
8/25/2023 6:34:00 AM,29,32,582.44,51.55,0,0
8/25/2023 6:32:52 AM,24,28,540.3,48.83,0,0
8/25/2023 6:31:57 AM,24,27,542.02,48.77,0,0
8/25/2023 6:30:49 AM,24,27,546.88,49.2,0,0
8/25/2023 6:29:51 AM,24,28,550.38,47.95,0,0
8/25/2023 6:28:49 AM,24,27,554.21,48,0,0
8/25/2023 6:27:49 AM,26,29,553.74,50.05,0,0
8/25/2023 6:26:49 AM,25,28,546.59,50.37,0,0
8/25/2023 6:25:49 AM,24,27,545.82,49.57,0,0
8/25/2023 6:24:49 AM,25,28,544.66,49.47,0,0
8/25/2023 6:23:49 AM,26,29,548.05,49.05,0,0
8/25/2023 6:22:49 AM,24,27,546.54,49.94,0,0
8/25/2023 6:21:49 AM,25,28,539.67,50.84,0,0
8/25/2023 6:20:49 AM,25,28,539.14,50.98,0,0
8/25/2023 6:19:49 AM,26,29,540.79,49.89,0,0
8/25/2023 6:18:49 AM,24,27,545.8,48.77,0,0
8/25/2023 6:17:49 AM,25,28,549.02,48.55,0,0
8/25/2023 6:16:49 AM,24,27,553.13,48.11,0,0
8/25/2023 6:15:49 AM,26,29,544.58,48.76,0,0
8/25/2023 6:14:49 AM,28,31,538.19,47.8,0,0
8/25/2023 6:13:48 AM,25,28,540.8,48.34,0,0
8/25/2023 6:12:50 AM,25,28,547.3,49.19,0,0
8/25/2023 6:11:49 AM,27,32,540.51,49.44,0,0
8/25/2023 6:10:49 AM,23,26,537.22,49.8,0,0
8/25/2023 6:09:50 AM,25,28,536.9,49.17,0,0
8/25/2023 6:08:51 AM,24,27,531.23,50.76,0,0
8/25/2023 6:07:50 AM,23,26,539.78,51.56,0,0
8/25/2023 6:06:51 AM,22,24,549.43,50.85,0,0
8/25/2023 6:05:49 AM,22,24,544.64,50.17,0,0
8/25/2023 6:04:48 AM,23,26,538.51,49.35,0,0
8/25/2023 6:03:49 AM,22,24,539.41,49.15,0,0
8/25/2023 6:02:59 AM,23,26,552.6,48.42,0,0
8/25/2023 6:01:48 AM,22,24,551.65,47.67,0,0